"","day","mo","temp","NUM_COLLISIONS"
"1",3,1,14.7,0.547719941357949
"2",2,1,9.5,-1.456018269624
"3",6,1,14.8,1.05613112921904
"4",4,1,22.6,-0.608666289855514
"5",7,1,13.2,-0.000566633786365205
"6",5,1,13.1,-0.259756651127314
"7",4,1,20.3,0.49787570725392
"8",5,1,22,0.577626481820366
"9",2,1,18.3,0.697252643670035
"10",3,1,20.8,1.77388810031705
"11",3,1,15.8,0.278561077196195
"12",7,1,24.4,-0.409289353439399
"13",7,1,26.9,-1.17689055864144
"14",7,1,23.1,-0.788105532630016
"15",2,1,27.3,-0.917700541300491
"16",6,1,25.3,0.77700341823648
"17",4,1,28.2,-1.99433599794751
"18",3,1,26.3,-0.548853208930679
"19",7,1,24.5,-0.728292451705182
"20",4,1,18.2,0.168903762167332
"21",6,1,28.9,-0.000566633786365205
"22",5,1,29.2,-0.798074379450822
"23",1,1,33.6,-1.08717093725419
"24",4,1,25,-1.00742016268774
"25",6,1,35.2,1.5146980829761
"26",5,1,35,0.816878805519703
"27",4,1,39.9,-1.11707747771661
"28",2,1,40.3,-0.678448217601154
"29",1,1,43.4,-1.86474098927703
"30",5,1,40.8,-0.778136685809211
"31",7,1,36.8,-0.887794000838074
"32",7,1,42.3,-1.23670363956627
"33",4,1,43,0.70722149049084
"34",6,1,41.3,0.0293399066760519
"35",3,1,45.5,-0.399320506618594
"36",5,1,36.4,-0.469102434364234
"37",3,1,39.8,-0.857887460375656
"38",5,1,43.5,-0.439195893901817
"39",1,1,44.4,-1.13701517135822
"40",6,1,43.7,1.04616228239823
"41",5,1,44.3,-0.359445119335371
"42",2,1,41.7,-1.02735785632935
"43",4,1,45,0.298498770837806
"44",7,1,45.9,-0.449164740722622
"45",3,1,33,0.378249545404252
"46",1,1,45,-0.668479370780348
"47",1,1,40,3.6081559153453
"48",2,1,37.4,-1.49589365690722
"49",7,1,29.8,-1.03732670315016
"50",1,1,46.3,-2.05414907887234
"51",6,1,46.8,0.0492776003176634
"52",1,1,43.2,-1.87470983609784
"53",3,1,23.9,-1.07720209043338
"54",3,1,32.6,0.138997221704915
"55",2,1,40.9,-0.189974723381674
"56",2,1,38.2,0.0193710598552462
"57",6,1,37,0.667346103207618
"58",1,1,44.4,-1.66536405286092
"59",5,1,46.5,-0.0703485615320052
"60",2,1,46.3,-0.808043226271628
"61",7,1,45.4,0.0393087534968576
"62",3,1,47.4,-1.68530174650253
"63",5,1,46.5,-0.0703485615320052
"64",1,1,48.6,-2.17377524072201
"65",4,1,29.4,0.238685689912972
"66",4,1,25,-0.0304731742487823
"67",6,1,28.6,0.448031473149892
"68",5,1,30.9,0.667346103207618
"69",1,1,27.1,-2.57252911355424
"70",4,1,32.1,-0.927669388121297
"71",6,1,31.6,-0.0105354806071709
"72",5,1,35.5,-0.907731694479685
"73",4,1,32.3,-1.03732670315016
"74",4,1,36,0.119059528063303
"75",1,1,26.8,-1.33639210777433
"76",7,1,32,-1.23670363956627
"77",6,1,32.2,-0.937638234942102
"78",5,1,32.4,0.348343004941835
"79",5,1,39.4,-1.07720209043338
"80",3,1,38,-2.17377524072201
"81",6,1,35.1,0.228716843092166
"82",6,1,31.7,0.00940221303444051
"83",1,1,36.1,-2.18374408754282
"84",2,1,31.2,-1.14698401817902
"85",5,1,29.4,-0.130161642456839
"86",4,1,32.9,0.0592464471384691
"87",3,1,27.7,0.408156085866669
"88",2,1,34,-0.538884362109874
"89",4,1,31.3,-0.199943570202479
"90",2,1,31.6,-1.21676594592466
"91",3,1,38.3,0.84678534598212
"92",1,1,38,-1.70523944014414
"93",6,1,40.4,-1.56567558465286
"94",4,1,41.6,-0.209912417023285
"95",5,1,40.7,0.109090681242498
"96",6,1,41.3,0.458000319970698
"97",7,1,38.7,-0.977513622225325
"98",1,1,36.5,-1.92455407020187
"99",7,1,38.5,-1.70523944014414
"100",2,1,31.2,-2.43296525806296
"101",3,1,22.2,-0.947607081762908
"102",6,1,36.5,1.22560152517274
"103",2,1,38.8,-0.877825154017268
"104",6,1,42.1,-0.160068182919257
"105",2,1,27.4,-0.150099336098451
"106",4,1,33.5,0.258623383554583
"107",6,1,39.9,0.0592464471384691
"108",5,1,38.5,0.966411507831789
"109",7,1,37.8,-0.0304731742487823
"110",7,1,34.5,-1.42611172916158
"111",4,1,41.1,-0.229850110664897
"112",2,1,44,-1.00742016268774
"113",4,1,35,-0.967544775404519
"114",3,1,48.9,-0.349476272514565
"115",7,1,42.7,-1.23670363956627
"116",6,1,39,-0.0105354806071709
"117",7,1,43.8,-1.43608057598239
"118",3,1,29.2,5.60192527950645
"119",1,1,45.4,-2.25352601528846
"120",5,1,40.5,-0.568790902572291
"121",3,1,36.3,-0.279694344768925
"122",5,1,39.4,-0.947607081762908
"123",2,1,38.6,-0.309600885231342
"124",7,1,35.9,-1.14698401817902
"125",4,1,44.4,-0.847918613554851
"126",2,1,41,-2.38312102395893
"127",7,1,38.1,-0.688417064421959
"128",1,1,39.7,-2.22361947482604
"129",5,1,34.9,-0.189974723381674
"130",3,1,42.3,-0.827980919913239
"131",4,1,41.1,-0.160068182919257
"132",3,1,44.3,0.597564175461978
"133",1,1,39.7,-1.8049279083522
"134",2,1,36.4,-0.399320506618594
"135",6,1,33.7,-0.389351659797788
"136",3,1,35.4,-0.568790902572291
"137",3,1,25.5,0.627470715924395
"138",2,1,31.6,-0.758198992167599
"139",5,1,28.9,-0.0205043274279766
"140",7,1,34.6,-1.96442945748509
"141",2,1,33.5,0.587595328641172
"142",1,1,34.5,-0.818012073092434
"143",7,1,30.5,-0.658510523959542
"144",3,1,32.3,0.178872608988138
"145",5,1,35.8,-0.508977821647457
"146",6,1,34.5,-0.359445119335371
"147",5,1,31.8,-2.03421138523073
"148",7,1,20.2,-1.03732670315016
"149",6,1,33.2,-0.0304731742487823
"150",7,1,34.5,-1.19682825228305
"151",3,1,28.1,-0.279694344768925
"152",6,1,28.1,-0.379382812976982
"153",1,1,51.3,-1.36629864823675
"154",2,1,43.2,0.806909958698897
"155",5,1,37.1,-1.34636095459514
"156",1,1,9.3,-1.23670363956627
"157",5,1,14.3,-0.449164740722622
"158",4,1,16.2,-0.538884362109874
"159",5,1,21.8,-0.499008974826651
"160",5,1,16.5,0.129028374884109
"161",2,1,13.7,-1.86474098927703
"162",5,1,23.5,-0.379382812976982
"163",1,1,21.7,-1.69527059332334
"164",6,1,24.2,-1.75508367424817
"165",1,1,26,-2.24355716846765
"166",1,1,27,-1.04729554997097
"167",3,1,30.2,-4.09776267713751
"168",7,1,44.8,-1.33639210777433
"169",2,1,47.2,-0.568790902572291
"170",4,1,21.6,-1.40617403551997
"171",6,1,19,0.747096877774063
"172",4,1,45.1,-1.01738900950855
"173",3,1,42.2,1.34522768702241
"174",6,1,28.8,0.677314950028423
"175",1,1,37.8,-2.78187489679116
"176",4,1,36.8,0.308467617658612
"177",4,1,31.4,0.876691886444537
"178",3,1,33.8,0.816878805519703
"179",3,1,35.6,-0.0205043274279766
"180",7,1,37.3,-2.09402446615556
"181",2,1,35,1.20566383153113
"182",2,1,35.9,-0.778136685809211
"183",4,1,31.6,-0.459133587543428
"184",5,1,15.7,0.0193710598552462
"185",3,1,31.9,-0.199943570202479
"186",6,1,23,1.00628689511501
"187",7,1,38.8,-1.50586250372803
"188",2,1,35.7,-0.339507425693759
"189",1,1,35.1,-1.53576904419045
"190",1,1,35.7,-2.05414907887234
"191",6,1,38.6,-0.100255101994422
"192",3,1,40,0.577626481820366
"193",2,1,40.9,0.677314950028423
"194",3,1,35.7,-0.987482469046131
"195",2,1,34.4,-1.17689055864144
"196",4,1,41.6,-0.499008974826651
"197",6,1,38,0.607533022282783
"198",7,1,37.7,-1.76505252106898
"199",6,1,41.2,-2.05414907887234
"200",5,1,28,0.0293399066760519
"201",1,1,24.1,-1.92455407020187
"202",4,1,27.5,-1.18685940546224
"203",4,1,25.6,0.458000319970698
"204",3,1,29.4,0.188841455808943
"205",7,1,18.8,-1.8049279083522
"206",2,1,32.8,1.03619343557743
"207",6,1,28,1.02622458875662
"208",7,1,31.3,2.96018087199293
"209",1,1,40.2,-1.47595596326561
"210",4,1,41.1,0.158934915346526
"211",7,1,45.7,-0.359445119335371
"212",3,1,45.3,-0.678448217601154
"213",1,1,45.1,-2.10399331297637
"214",1,1,43.2,-1.87470983609784
"215",4,1,46.5,-0.0902862551736166
"216",5,1,47.8,0.467969166791503
"217",5,1,31.1,0.0393087534968576
"218",6,2,14.1,0.21874799627136
"219",1,2,5.8,-2.89153221182002
"220",6,2,21,1.08603766968146
"221",7,2,23.5,-1.18685940546224
"222",7,2,22.2,-0.608666289855514
"223",6,2,20.3,0.557688788178755
"224",4,2,23.7,0.418124932687475
"225",4,2,26.7,0.158934915346526
"226",3,2,28.7,-0.329538578872954
"227",3,2,24,0.368280698583446
"228",1,2,24.8,-2.37315217713812
"229",7,2,28.2,-1.74511482742736
"230",2,2,24.6,-2.00430484476831
"231",6,2,28.1,0.757065724594869
"232",5,2,24.7,-0.279694344768925
"233",2,2,10.7,-1.96442945748509
"234",2,2,24.3,-1.07720209043338
"235",2,2,30.7,-0.309600885231342
"236",1,2,25.7,-1.44604942280319
"237",1,2,28.7,-1.53576904419045
"238",1,2,24.7,-1.9843671511267
"239",3,2,31.5,0.138997221704915
"240",4,2,30.6,0.268592230375389
"241",5,2,30.6,-1.00742016268774
"242",1,2,30.7,-1.53576904419045
"243",7,2,23.5,-0.219881263844091
"244",5,2,27,-0.837949766734045
"245",6,2,19.3,0.288529924017
"246",3,2,36.7,-1.21676594592466
"247",2,2,33.1,0.806909958698897
"248",5,2,36.8,-0.0205043274279766
"249",3,2,37.1,-1.15695286499983
"250",1,2,30.9,-1.59558212511528
"251",3,2,21,1.40504076794724
"252",1,2,37.8,-0.578759749393096
"253",6,2,38.3,-0.528915515289068
"254",4,2,42.6,0.547719941357949
"255",7,2,41.6,-0.499008974826651
"256",3,2,45.6,-0.638572830317931
"257",2,2,36.4,-1.23670363956627
"258",2,2,39.1,-0.588728596213902
"259",4,2,46.2,0.737128030953258
"260",3,2,43,-0.289663191589731
"261",6,2,42.2,-0.538884362109874
"262",4,2,39.1,0.158934915346526
"263",3,2,44.5,0.158934915346526
"264",5,2,39.6,-0.429227047081011
"265",6,2,40.2,1.92342080262914
"266",4,2,41.5,-0.738261298525988
"267",1,2,46.3,-1.19682825228305
"268",2,2,45,-0.558822055751485
"269",7,2,35.9,0.0492776003176634
"270",6,2,44.8,-0.170037029740062
"271",2,2,47.6,1.1657884442479
"272",3,2,43.2,1.11594421014387
"273",1,2,46.8,-1.17689055864144
"274",5,2,51.6,0.0991218344216919
"275",6,2,47.5,0.577626481820366
"276",2,2,47.8,0.168903762167332
"277",2,2,41.8,0.158934915346526
"278",6,2,40.8,0.0791841407800805
"279",2,2,28.9,0.786972265057286
"280",1,2,35.4,-1.08717093725419
"281",7,2,21.9,-0.818012073092434
"282",3,2,25.9,-0.718323604884377
"283",4,2,32.6,0.109090681242498
"284",1,2,30.3,-1.48592481008642
"285",5,2,30.4,-0.299632038410537
"286",1,2,30.9,-1.51583135054883
"287",7,2,35.2,-0.827980919913239
"288",6,2,31.8,0.806909958698897
"289",1,2,29.8,-1.34636095459514
"290",7,2,35.6,-0.917700541300491
"291",1,2,36,-0.798074379450822
"292",7,2,36.3,-0.778136685809211
"293",7,2,32,-0.877825154017268
"294",3,2,32.5,0.138997221704915
"295",2,2,29.4,-0.249787804306508
"296",1,2,35.6,-1.59558212511528
"297",4,2,36.1,-0.289663191589731
"298",7,2,34.8,-1.59558212511528
"299",2,2,37.5,-1.08717093725419
"300",5,2,39.1,-0.110223948815228
"301",5,2,36.6,0.318436464479418
"302",7,2,19.8,-1.20679709910386
"303",3,2,36.5,0.238685689912972
"304",6,2,40.6,0.617501869103589
"305",4,2,38.7,-0.249787804306508
"306",1,2,39.3,-1.814896755173
"307",3,2,35,-0.618635136676319
"308",3,2,41.4,-1.00742016268774
"309",1,2,39.4,-1.26661018002869
"310",2,2,36.5,3.5981870685245
"311",7,2,32.3,-0.459133587543428
"312",7,2,31.5,-0.588728596213902
"313",5,2,37.7,-0.130161642456839
"314",6,2,40.2,-1.22673479274547
"315",1,2,47.8,-1.60555097193608
"316",2,2,41.9,-1.70523944014414
"317",6,2,38.6,0.0492776003176634
"318",4,2,38.7,-0.887794000838074
"319",4,2,40.6,-1.21676594592466
"320",2,2,38.7,1.00628689511501
"321",1,2,42.6,-1.72517713378575
"322",2,2,42.1,-0.419258200260205
"323",1,2,40.5,-1.9743983043059
"324",2,2,37.5,-0.299632038410537
"325",5,2,35.5,0.647408409566006
"326",2,2,42.5,1.06609997603985
"327",3,2,38.1,0.268592230375389
"328",2,2,38.1,-1.6354575123985
"329",7,2,37,-0.289663191589731
"330",5,2,41.4,-0.818012073092434
"331",4,2,41.1,0.398187239045863
"332",4,2,44.1,-0.489040128005845
"333",1,2,42,-1.84480329563542
"334",3,2,40.3,0.318436464479418
"335",3,2,30,-0.538884362109874
"336",3,2,44.2,-0.0803174083528109
"337",7,2,42.3,-0.588728596213902
"338",2,2,39.7,0.517813400895532
"339",6,2,37.5,-0.508977821647457
"340",1,2,42.8,-0.897762847658879
"341",4,2,45.9,0.0193710598552462
"342",5,2,37,-1.51583135054883
"343",5,2,43.1,-0.489040128005845
"344",7,2,42.8,-0.439195893901817
"345",5,2,44,-0.180005876560868
"346",6,2,39.8,0.168903762167332
"347",1,2,42.5,-1.50586250372803
"348",5,2,34.6,0.168903762167332
"349",7,2,41.1,-0.638572830317931
"350",4,2,36.4,0.537751094537143
"351",4,2,32.3,-1.30648556731191
"352",2,2,32.8,-1.92455407020187
"353",7,2,29.2,-1.95446061066428
"354",1,2,34.5,-2.04418023205154
"355",3,2,36.4,-0.279694344768925
"356",2,2,37.1,-0.518946668468262
"357",4,2,33.5,-0.618635136676319
"358",6,2,34.3,1.03619343557743
"359",5,2,31.5,0.228716843092166
"360",6,2,16.8,0.527782247716338
"361",6,2,34.7,-0.668479370780348
"362",5,2,34.1,-0.299632038410537
"363",6,2,33.1,-0.249787804306508
"364",4,2,28.1,-0.140130489277645
"365",6,2,35.4,-0.678448217601154
"366",7,2,49.8,-0.259756651127314
"367",1,2,43,-1.36629864823675
"368",6,2,17.6,0.517813400895532
"369",3,2,21.7,0.208779149450555
"370",5,2,26,0.996318048294206
"371",4,2,25.8,-0.877825154017268
"372",6,2,24.2,1.03619343557743
"373",2,2,29,-0.459133587543428
"374",4,2,29.9,0.288529924017
"375",7,2,41.4,-0.120192795636034
"376",4,2,34.8,-0.329538578872954
"377",5,2,51,0.6374395627452
"378",3,2,29.2,0.70722149049084
"379",3,2,33.1,-0.279694344768925
"380",6,2,28.3,-0.160068182919257
"381",3,2,28.2,-0.808043226271628
"382",3,2,27,-0.857887460375656
"383",7,2,30.7,-2.10399331297637
"384",5,2,36.1,0.527782247716338
"385",6,2,34.2,0.178872608988138
"386",4,2,36.6,0.0393087534968576
"387",5,2,36,-0.0703485615320052
"388",7,2,39.2,-1.49589365690722
"389",2,2,36.4,-0.977513622225325
"390",1,2,38.7,-1.75508367424817
"391",5,2,40.8,0.458000319970698
"392",1,2,36.1,-1.69527059332334
"393",5,2,38.3,-0.0504108678903938
"394",2,2,37.5,-0.309600885231342
"395",6,2,30.9,0.0991218344216919
"396",4,2,36.9,0.717190337311646
"397",4,2,35,-0.469102434364234
"398",2,2,35.9,0.42809377950828
"399",7,2,20.6,-1.6254886655777
"400",7,2,28.4,-0.578759749393096
"401",3,2,30.1,0.886660733265343
"402",7,2,27.4,-1.49589365690722
"403",5,2,28,-0.598697443034708
"404",4,2,21.6,-0.698385911242765
"405",3,2,14.3,-0.189974723381674
"406",5,2,31,-0.728292451705182
"407",5,2,29.4,-0.728292451705182
"408",7,2,27.6,-0.648541677138737
"409",6,2,21.8,1.57451116390094
"410",3,2,29.4,0.876691886444537
"411",5,2,38.1,-0.917700541300491
"412",4,2,42.6,-0.199943570202479
"413",2,2,18.6,-3.07097145459452
"414",4,2,46.9,0.607533022282783
"415",2,3,21.9,1.92342080262914
"416",5,3,22.1,-0.429227047081011
"417",3,3,24.8,-0.668479370780348
"418",4,3,25.4,-0.100255101994422
"419",4,3,30.8,-0.359445119335371
"420",5,3,28.4,-0.608666289855514
"421",4,3,29.5,-1.07720209043338
"422",3,3,27,0.318436464479418
"423",5,3,28.5,2.39195660320701
"424",2,3,33.4,0.507844554074726
"425",5,3,29.9,0.258623383554583
"426",2,3,27.4,-0.518946668468262
"427",2,3,28.9,0.188841455808943
"428",2,3,43.8,0.408156085866669
"429",5,3,40,0.398187239045863
"430",5,3,39,0.119059528063303
"431",2,3,36.7,0.796941111878092
"432",3,3,35,-0.209912417023285
"433",5,3,26.4,1.03619343557743
"434",1,3,35.8,-1.07720209043338
"435",5,3,39.6,0.338374158121029
"436",2,3,36.8,-0.279694344768925
"437",7,3,39.3,-0.688417064421959
"438",7,3,38.7,-0.917700541300491
"439",3,3,39.4,0.288529924017
"440",1,3,38.5,-1.39620518869916
"441",1,3,39.1,-1.32642326095352
"442",5,3,41.7,0.278561077196195
"443",7,3,36.3,-0.489040128005845
"444",6,3,42.3,1.18572613788951
"445",7,3,40.3,-0.837949766734045
"446",7,3,42.9,-0.279694344768925
"447",4,3,41.9,0.727159184132452
"448",4,3,40.4,0.298498770837806
"449",4,3,42.1,-0.339507425693759
"450",2,3,42.5,-0.728292451705182
"451",5,3,38.1,-0.130161642456839
"452",3,3,36.9,0.109090681242498
"453",6,3,41.2,-0.688417064421959
"454",5,3,40.7,0.248654536733778
"455",3,3,40.7,-0.0703485615320052
"456",4,3,41.7,-1.57564443147367
"457",4,3,46.3,0.368280698583446
"458",3,3,39.9,0.368280698583446
"459",3,3,46,-0.518946668468262
"460",4,3,38.6,0.178872608988138
"461",1,3,37,-1.42611172916158
"462",5,3,42.5,-0.499008974826651
"463",7,3,38.1,-1.05726439679177
"464",1,3,36.3,-1.79495906153139
"465",5,3,45.9,0.657377256386812
"466",4,3,45.7,0.537751094537143
"467",4,3,47.4,-0.279694344768925
"468",5,3,47.8,0.537751094537143
"469",6,3,35.5,0.129028374884109
"470",7,3,44.5,-0.857887460375656
"471",6,3,45.2,-0.788105532630016
"472",7,3,46.1,-0.827980919913239
"473",6,3,47,0.448031473149892
"474",7,3,40,-0.588728596213902
"475",3,3,43.2,0.627470715924395
"476",3,3,48.3,0.0891529876008862
"477",5,3,45.1,0.35831185176264
"478",6,3,22.7,3.38884128528758
"479",2,3,30.5,0.866723039623732
"480",7,3,22.9,-0.628603983497125
"481",7,3,35.1,0.42809377950828
"482",3,3,27.7,-0.479071281185039
"483",2,3,32.1,0.238685689912972
"484",3,3,32.5,-0.0205043274279766
"485",7,3,34.8,0.0193710598552462
"486",1,3,33.8,-1.34636095459514
"487",4,3,36.8,-1.21676594592466
"488",2,3,28.5,-0.798074379450822
"489",4,3,34.8,0.527782247716338
"490",6,3,34.3,0.0492776003176634
"491",6,3,33,1.56454231708013
"492",6,3,31.2,0.0791841407800805
"493",7,3,37.4,-1.39620518869916
"494",6,3,33.9,0.856754192802926
"495",1,3,33.2,-0.987482469046131
"496",3,3,28.2,0.398187239045863
"497",2,3,34.5,-0.239818957485702
"498",1,3,35.3,-1.86474098927703
"499",1,3,35.1,-1.66536405286092
"500",7,3,37.1,-0.778136685809211
"501",6,3,37.4,2.51158276505667
"502",5,3,38.3,-0.638572830317931
"503",5,3,32.7,2.30223698181975
"504",7,3,34.2,-0.917700541300491
"505",6,3,31.1,0.0991218344216919
"506",3,3,37.7,0.767034571415675
"507",4,3,36.1,-0.249787804306508
"508",1,3,36,-0.489040128005845
"509",2,3,32.9,-0.698385911242765
"510",2,3,37.4,0.178872608988138
"511",1,3,37.2,-1.19682825228305
"512",6,3,35.3,0.547719941357949
"513",3,3,35.2,-0.339507425693759
"514",1,3,36.3,-1.33639210777433
"515",7,3,34.7,-0.947607081762908
"516",6,3,39.3,0.0393087534968576
"517",1,3,38.9,-1.71520828696495
"518",1,3,39,-1.83483444881462
"519",2,3,37,-0.0205043274279766
"520",3,3,38.5,-0.718323604884377
"521",4,3,39.1,-1.23670363956627
"522",4,3,34.4,-0.369413966156177
"523",1,3,39.6,-1.41614288234078
"524",4,3,38.1,-0.818012073092434
"525",2,3,37.8,0.168903762167332
"526",7,3,38.1,-0.319569732052148
"527",3,3,36.7,0.378249545404252
"528",6,3,37.6,1.53463577661771
"529",7,3,41.3,-0.798074379450822
"530",5,3,36.3,0.448031473149892
"531",2,3,36.4,1.10597536332307
"532",1,3,39.1,-1.47595596326561
"533",3,3,40.8,0.288529924017
"534",3,3,37.6,0.278561077196195
"535",7,3,38.5,-1.1071086308958
"536",6,3,37.5,1.32528999338079
"537",2,3,39.9,-0.768167838988405
"538",2,3,39.2,1.5047292361553
"539",5,3,38.3,-0.907731694479685
"540",4,3,43.4,0.507844554074726
"541",7,3,41.2,0.258623383554583
"542",4,3,46.4,0.607533022282783
"543",2,3,45.1,0.587595328641172
"544",3,3,48.6,0.836816499161315
"545",5,3,51,0.527782247716338
"546",5,3,26.3,-0.409289353439399
"547",4,3,31,-0.518946668468262
"548",3,3,36.3,-2.24355716846765
"549",3,3,38.6,-0.130161642456839
"550",5,3,42.6,-0.738261298525988
"551",1,3,40,-1.39620518869916
"552",3,3,39.8,-1.73514598060656
"553",2,3,38.1,-1.00742016268774
"554",4,3,29.8,0.507844554074726
"555",2,3,41.7,0.458000319970698
"556",2,3,42,0.298498770837806
"557",1,3,36.8,-1.36629864823675
"558",3,3,38.6,-0.708354758063571
"559",3,3,39.6,-0.399320506618594
"560",6,3,46.8,-0.189974723381674
"561",1,3,43,-1.72517713378575
"562",6,3,45.3,2.84055471014326
"563",4,3,45.9,0.0991218344216919
"564",5,3,41.6,0.138997221704915
"565",7,3,40.2,0.0991218344216919
"566",6,3,42.4,-0.668479370780348
"567",3,3,41.3,-0.887794000838074
"568",7,3,43.6,-0.100255101994422
"569",5,3,45.4,0.129028374884109
"570",1,3,46.3,-1.61551981875689
"571",2,3,27.2,-0.130161642456839
"572",6,3,29.4,-0.658510523959542
"573",5,3,36.1,1.60441770436335
"574",3,3,31.4,0.0193710598552462
"575",1,3,35.2,-1.94449176384348
"576",5,3,36.5,0.896629580086149
"577",1,3,34.8,-1.72517713378575
"578",6,3,36.1,1.53463577661771
"579",1,3,34.9,-0.937638234942102
"580",1,3,37.4,-0.967544775404519
"581",1,3,35.1,-2.54262257309182
"582",1,3,27.2,-0.728292451705182
"583",2,3,37.8,-0.399320506618594
"584",7,3,33.3,-0.369413966156177
"585",6,3,50.8,-0.528915515289068
"586",7,3,44.8,-0.688417064421959
"587",1,3,49.2,-1.48592481008642
"588",1,3,50.1,-1.6354575123985
"589",1,3,23.1,0.936504967369372
"590",2,3,27.3,-1.58561327829447
"591",4,3,43.4,-0.837949766734045
"592",1,3,20,-0.827980919913239
"593",5,3,32.2,-0.538884362109874
"594",2,3,33.5,-0.857887460375656
"595",7,3,39.2,-0.299632038410537
"596",7,3,38.2,-1.24667248638708
"597",2,3,37.9,-0.957575928583714
"598",4,3,35,-0.738261298525988
"599",4,3,36.5,-0.588728596213902
"600",1,3,34.5,-0.957575928583714
"601",4,3,34.5,-0.369413966156177
"602",6,3,39.3,-0.100255101994422
"603",2,3,35.6,0.617501869103589
"604",3,3,36.5,-0.150099336098451
"605",7,3,35.1,-0.758198992167599
"606",4,3,36.9,-0.150099336098451
"607",4,3,33.6,-0.608666289855514
"608",2,3,36.8,-0.429227047081011
"609",5,3,37,-0.419258200260205
"610",7,3,22.5,-0.508977821647457
"611",6,3,35.5,1.5146980829761
"612",5,3,46.7,0.198810302629749
"613",5,3,49.6,0.298498770837806
"614",6,3,46.8,0.727159184132452
"615",7,3,25,-0.209912417023285
"616",1,3,20.8,-1.09713978407499
"617",6,3,30.3,-0.289663191589731
"618",5,3,27.6,-0.170037029740062
"619",3,3,26.5,-1.24667248638708
"620",6,3,27.2,0.527782247716338
"621",7,3,24.1,-1.01738900950855
"622",6,3,25.4,-0.140130489277645
"623",6,3,26.7,1.11594421014387
"624",6,3,44.4,-0.359445119335371
"625",4,3,45.2,0.298498770837806
"626",6,3,33.2,1.45488500205127
"627",6,3,45.3,0.737128030953258
"628",7,3,44.9,-0.299632038410537
"629",3,3,44.4,0.328405311300223
"630",7,3,46.9,-0.489040128005845
"631",4,3,48.6,0.21874799627136
"632",4,4,43.5,0.517813400895532
"633",6,4,40.4,-1.02735785632935
"634",4,4,37.9,0.487906860433115
"635",4,4,41.2,-1.41614288234078
"636",6,4,43.8,0.886660733265343
"637",1,4,39.7,-1.47595596326561
"638",1,4,40.6,-0.997451315866936
"639",6,4,42.9,-0.170037029740062
"640",6,4,40,0.228716843092166
"641",6,4,45,-1.07720209043338
"642",4,4,39.3,-0.798074379450822
"643",5,4,44.5,0.607533022282783
"644",4,4,41.9,0.627470715924395
"645",2,4,43,-0.339507425693759
"646",2,4,37.7,-0.369413966156177
"647",2,4,46.2,-0.0504108678903938
"648",1,4,37.9,-1.30648556731191
"649",1,4,42.4,-1.49589365690722
"650",5,4,42.8,0.109090681242498
"651",1,4,44.2,-1.99433599794751
"652",3,4,41.4,-0.618635136676319
"653",7,4,43.5,-1.11707747771661
"654",7,4,44.8,-0.189974723381674
"655",2,4,46.5,-0.0205043274279766
"656",2,4,45.2,0.308467617658612
"657",7,4,44.6,-0.150099336098451
"658",5,4,44,0.747096877774063
"659",4,4,47.5,-0.0105354806071709
"660",5,4,46.2,-0.818012073092434
"661",3,4,47.7,0.0692152939592748
"662",3,4,49.7,1.23557037199354
"663",7,4,47.7,0.248654536733778
"664",1,4,45.8,-0.309600885231342
"665",7,4,49.7,-0.000566633786365205
"666",7,4,47.3,-0.180005876560868
"667",3,4,42.9,-0.0105354806071709
"668",4,4,46.5,-0.189974723381674
"669",5,4,46.5,-0.459133587543428
"670",3,4,49.8,-0.568790902572291
"671",6,4,46.1,-0.818012073092434
"672",6,4,47.5,0.796941111878092
"673",6,4,47.8,0.946473814190178
"674",2,4,45,-0.449164740722622
"675",2,4,43,0.467969166791503
"676",5,4,47.5,0.328405311300223
"677",3,4,45.6,-0.120192795636034
"678",1,4,46.1,-1.21676594592466
"679",5,4,47.7,-1.09713978407499
"680",2,4,47.8,-0.339507425693759
"681",3,4,46.9,1.32528999338079
"682",7,4,50.1,-0.209912417023285
"683",2,4,49.5,0.876691886444537
"684",7,4,54.2,0.617501869103589
"685",1,4,47,-1.16692171182063
"686",7,4,51.9,0.0592464471384691
"687",1,4,46.3,-1.2765790268495
"688",1,4,50.8,-1.41614288234078
"689",2,4,52,0.577626481820366
"690",7,4,53.4,0.49787570725392
"691",6,4,55.4,1.41500961476805
"692",7,4,40.2,-0.678448217601154
"693",3,4,35.1,0.727159184132452
"694",5,4,39,-0.329538578872954
"695",3,4,35.3,-0.479071281185039
"696",2,4,47.8,0.248654536733778
"697",1,4,46.3,-0.578759749393096
"698",3,4,49.8,-0.798074379450822
"699",4,4,47.3,0.976380354652595
"700",4,4,49.2,0.268592230375389
"701",2,4,46.9,0.348343004941835
"702",1,4,39.7,-0.887794000838074
"703",3,4,46.8,-1.19682825228305
"704",5,4,50,1.29538345291838
"705",6,4,46.8,-0.987482469046131
"706",2,4,48.4,-1.1071086308958
"707",4,4,49.1,-0.588728596213902
"708",7,4,44.9,-0.508977821647457
"709",4,4,46.8,-0.0404420210695881
"710",1,4,51.9,-1.17689055864144
"711",4,4,49.8,-0.309600885231342
"712",3,4,46,0.138997221704915
"713",1,4,41.6,-1.76505252106898
"714",5,4,39.9,-0.678448217601154
"715",1,4,48,-1.58561327829447
"716",6,4,49,0.178872608988138
"717",3,4,47.1,0.388218392225058
"718",5,4,50.9,0.308467617658612
"719",7,4,47.3,-0.917700541300491
"720",5,4,48.1,0.408156085866669
"721",5,4,49.6,-0.130161642456839
"722",5,4,41.6,0.458000319970698
"723",6,4,49.7,0.966411507831789
"724",1,4,46.9,-2.03421138523073
"725",2,4,49,-0.409289353439399
"726",7,4,52.9,-0.728292451705182
"727",5,4,49.8,-0.0902862551736166
"728",5,4,46.9,0.129028374884109
"729",6,4,52.6,-0.289663191589731
"730",6,4,54.8,1.02622458875662
"731",5,4,49.6,0.946473814190178
"732",2,4,49.7,-0.0105354806071709
"733",6,4,53.7,-0.479071281185039
"734",7,4,50.4,-0.0205043274279766
"735",7,4,45.7,-0.738261298525988
"736",1,4,44.2,-2.05414907887234
"737",7,4,54.5,-1.42611172916158
"738",6,4,49.5,0.757065724594869
"739",1,4,52.2,-2.00430484476831
"740",6,4,53.1,2.57139584598151
"741",3,4,51,-0.229850110664897
"742",5,4,52.9,0.886660733265343
"743",3,4,49.4,0.138997221704915
"744",4,4,51.5,-0.837949766734045
"745",5,4,47.7,-0.808043226271628
"746",2,4,56.4,-1.1071086308958
"747",3,4,44.6,-0.857887460375656
"748",6,4,38,-0.837949766734045
"749",3,4,44.2,-0.439195893901817
"750",2,4,36.5,0.836816499161315
"751",7,4,44.3,0.796941111878092
"752",5,4,37.1,0.537751094537143
"753",3,4,37.1,-0.459133587543428
"754",1,4,41.1,-1.14698401817902
"755",5,4,39.4,-1.4659871164448
"756",6,4,45.7,0.906598426906955
"757",5,4,41.8,1.06609997603985
"758",1,4,39.7,-0.847918613554851
"759",4,4,42.6,-0.120192795636034
"760",2,4,42,-0.658510523959542
"761",1,4,45.1,-1.2765790268495
"762",6,4,39.4,1.01625574193582
"763",4,4,43.7,0.138997221704915
"764",5,4,40.9,-0.0703485615320052
"765",7,4,46.7,-0.479071281185039
"766",4,4,41.8,0.338374158121029
"767",5,4,40.3,-0.618635136676319
"768",4,4,53.1,0.308467617658612
"769",5,4,43.7,-0.588728596213902
"770",1,4,46.1,-1.26661018002869
"771",4,4,47.3,-0.449164740722622
"772",2,4,41.8,0.0293399066760519
"773",2,4,46.6,-0.578759749393096
"774",4,4,47.5,0.21874799627136
"775",5,4,50.8,-0.160068182919257
"776",1,4,46.3,-0.309600885231342
"777",1,4,46.5,-0.818012073092434
"778",7,4,46.6,-0.818012073092434
"779",6,4,48.8,0.906598426906955
"780",4,4,49.3,0.796941111878092
"781",3,4,51.5,0.458000319970698
"782",2,4,46.4,0.757065724594869
"783",4,4,49.5,-0.628603983497125
"784",2,4,52.2,-0.847918613554851
"785",3,4,52.5,0.388218392225058
"786",4,4,46.7,1.00628689511501
"787",3,4,48.8,-0.0703485615320052
"788",6,4,47.5,-0.837949766734045
"789",2,4,46.2,0.56765763499956
"790",7,4,47.8,-0.229850110664897
"791",7,4,46.8,-1.03732670315016
"792",4,4,42.9,-0.289663191589731
"793",2,4,52.1,-0.768167838988405
"794",3,4,52.6,-1.4659871164448
"795",3,4,49.5,-1.39620518869916
"796",1,4,45,-1.55570673783206
"797",3,4,44.7,0.717190337311646
"798",3,4,37.1,-0.499008974826651
"799",5,4,41.9,1.13588190378549
"800",6,4,43.6,0.49787570725392
"801",7,4,52.7,-0.668479370780348
"802",1,4,53.4,-1.2865478736703
"803",3,4,37.7,0.687283796849229
"804",2,4,36.3,0.258623383554583
"805",7,4,39.8,-0.0803174083528109
"806",4,4,37,0.288529924017
"807",4,4,37.9,0.129028374884109
"808",4,4,52.1,-0.638572830317931
"809",1,4,49.1,-1.50586250372803
"810",1,4,45.3,-1.11707747771661
"811",7,4,49.5,0.0492776003176634
"812",7,4,46.3,-0.120192795636034
"813",1,4,50.5,-0.937638234942102
"814",2,4,50,-0.170037029740062
"815",5,4,46.4,-0.389351659797788
"816",4,4,50.6,-0.0404420210695881
"817",2,4,47,-1.19682825228305
"818",3,4,39.6,-1.61551981875689
"819",4,4,42.6,-0.668479370780348
"820",4,4,45,-0.887794000838074
"821",7,4,43.9,0.278561077196195
"822",6,4,43.2,1.07606882286065
"823",6,4,44,0.767034571415675
"824",6,4,47.7,1.55457347025933
"825",7,4,43.7,-0.0703485615320052
"826",2,4,43.2,-0.887794000838074
"827",3,4,44.2,-1.4659871164448
"828",5,4,37.5,-0.907731694479685
"829",1,4,41.7,-0.140130489277645
"830",2,4,46.1,0.0393087534968576
"831",2,4,44.7,1.41500961476805
"832",2,4,43.1,-0.778136685809211
"833",3,4,47.8,-0.827980919913239
"834",3,4,46,-0.349476272514565
"835",6,4,48,0.0991218344216919
"836",6,4,46.4,1.3352588402016
"837",6,4,43.9,-1.12704632453741
"838",4,4,41.7,-0.189974723381674
"839",7,4,41.8,-0.419258200260205
"840",3,4,45.6,0.00940221303444051
"841",7,4,44.4,-0.439195893901817
"842",4,5,47.3,0.537751094537143
"843",5,5,45.5,0.268592230375389
"844",2,5,46.1,0.138997221704915
"845",7,5,48.9,0.0293399066760519
"846",7,5,47.8,-0.189974723381674
"847",1,5,49.7,-0.698385911242765
"848",7,5,47.9,0.836816499161315
"849",3,5,48.2,1.11594421014387
"850",7,5,54.6,-0.927669388121297
"851",2,5,56.9,-1.78499021471059
"852",7,5,55.5,0.507844554074726
"853",4,5,57.8,-0.289663191589731
"854",6,5,61,0.687283796849229
"855",5,5,53.3,0.42809377950828
"856",3,5,56.4,0.507844554074726
"857",6,5,52.3,1.26547691245596
"858",1,5,53.7,-1.11707747771661
"859",4,5,57.9,1.3352588402016
"860",6,5,58.2,1.42497846158885
"861",7,5,62.5,0.278561077196195
"862",5,5,62.4,0.826847652340509
"863",4,5,62.4,0.976380354652595
"864",4,5,57.3,1.29538345291838
"865",4,5,56.3,-0.239818957485702
"866",5,5,55.2,1.44491615523046
"867",5,5,56.3,1.70410617257141
"868",6,5,55.5,1.66423078528819
"869",4,5,59.4,0.208779149450555
"870",6,5,59.3,1.28541460609757
"871",2,5,59.4,0.527782247716338
"872",6,5,58.2,1.65426193846738
"873",3,5,54.6,0.956442661010983
"874",7,5,56.9,-0.788105532630016
"875",3,5,57.7,2.09289119858283
"876",4,5,59.2,1.08603766968146
"877",6,5,48.4,0.607533022282783
"878",3,5,48.3,0.517813400895532
"879",1,5,45.2,-1.14698401817902
"880",4,5,46.9,-0.000566633786365205
"881",6,5,43.8,0.42809377950828
"882",1,5,50.4,0.338374158121029
"883",5,5,50.3,-0.0603797147111995
"884",2,5,50,0.388218392225058
"885",3,5,51.8,-0.389351659797788
"886",2,5,51.1,1.29538345291838
"887",2,5,50.5,0.896629580086149
"888",3,5,48.4,1.13588190378549
"889",1,5,51.4,-1.47595596326561
"890",4,5,48.7,0.687283796849229
"891",6,5,48.6,2.17264197314928
"892",2,5,53.1,-0.219881263844091
"893",1,5,50.2,-1.43608057598239
"894",5,5,49.5,0.866723039623732
"895",4,5,51.2,0.388218392225058
"896",5,5,51,0.6374395627452
"897",1,5,53.7,-1.26661018002869
"898",1,5,56.2,-0.718323604884377
"899",4,5,53.1,-0.668479370780348
"900",5,5,47.7,-0.0603797147111995
"901",4,5,53,0.49787570725392
"902",6,5,55.4,1.76391925349625
"903",5,5,53.8,1.42497846158885
"904",2,5,49.6,-2.27346370893007
"905",4,5,56.7,0.936504967369372
"906",6,5,53.3,1.23557037199354
"907",5,5,51.5,1.01625574193582
"908",5,5,52,0.6374395627452
"909",3,5,52.2,-0.339507425693759
"910",3,5,51.9,0.0891529876008862
"911",6,5,51.9,0.9863492014734
"912",7,5,54.8,-0.528915515289068
"913",3,5,58,0.976380354652595
"914",3,5,53.5,0.477938013612309
"915",2,5,53.7,0.188841455808943
"916",4,5,51.2,1.11594421014387
"917",4,5,57.9,-0.249787804306508
"918",6,5,53.8,1.27544575927677
"919",7,5,50.9,-0.0902862551736166
"920",3,5,51.4,0.0692152939592748
"921",2,5,49.2,-0.379382812976982
"922",7,5,55.6,-0.847918613554851
"923",5,5,52.5,1.22560152517274
"924",2,5,54,0.467969166791503
"925",1,5,56.5,-0.917700541300491
"926",2,5,56.7,-1.65539520604011
"927",2,5,51.4,1.19569498471032
"928",1,5,56.3,-0.548853208930679
"929",2,5,56.9,-0.269725497948119
"930",3,5,55,0.248654536733778
"931",1,5,51.8,-1.24667248638708
"932",2,5,53,0.956442661010983
"933",1,5,52.7,0.188841455808943
"934",3,5,56.6,0.866723039623732
"935",7,5,57.5,-1.23670363956627
"936",5,5,53.9,0.946473814190178
"937",2,5,57.2,0.896629580086149
"938",1,5,56.5,-1.66536405286092
"939",6,5,56.5,1.99320273037478
"940",4,5,55.5,0.767034571415675
"941",2,5,58.9,-1.78499021471059
"942",5,5,54,1.90348310898753
"943",1,5,58.3,-0.150099336098451
"944",3,5,61.1,0.866723039623732
"945",1,5,52.5,-1.03732670315016
"946",7,5,52.5,-0.279694344768925
"947",7,5,58,0.0293399066760519
"948",3,5,58.9,1.45488500205127
"949",6,5,56.1,0.9863492014734
"950",4,5,54.5,1.92342080262914
"951",1,5,48.5,-0.0803174083528109
"952",4,5,55.6,0.996318048294206
"953",2,5,57.8,-0.180005876560868
"954",6,5,52.4,1.09600651650226
"955",3,5,62.8,1.60441770436335
"956",7,5,59.4,-0.100255101994422
"957",6,5,56.4,1.82373233442108
"958",7,5,55.7,-0.309600885231342
"959",5,5,55.9,0.84678534598212
"960",1,5,57.6,-0.887794000838074
"961",1,5,55.7,-0.887794000838074
"962",1,5,64.6,-0.329538578872954
"963",3,5,61.1,0.458000319970698
"964",2,5,62.4,-1.2765790268495
"965",5,5,50.3,0.507844554074726
"966",3,5,48.3,0.477938013612309
"967",7,5,49.6,-0.160068182919257
"968",6,5,47.3,0.517813400895532
"969",3,5,51,-0.339507425693759
"970",2,5,51.3,-0.100255101994422
"971",1,5,47.8,-0.837949766734045
"972",6,5,51.5,-0.150099336098451
"973",5,5,49.4,0.687283796849229
"974",4,5,48.5,0.91656727372776
"975",7,5,55.1,0.856754192802926
"976",7,5,54.8,-0.499008974826651
"977",6,5,49.7,0.507844554074726
"978",6,5,49.4,1.76391925349625
"979",1,5,52.5,-0.847918613554851
"980",2,5,53.4,-1.89464752973945
"981",2,5,49.3,0.398187239045863
"982",2,5,62.1,-1.56567558465286
"983",5,5,55.1,0.9863492014734
"984",3,5,57.5,0.946473814190178
"985",7,5,56.3,0.129028374884109
"986",4,5,57.9,1.53463577661771
"987",6,5,56.8,2.05301581129961
"988",3,5,54.6,0.896629580086149
"989",3,5,51.6,0.547719941357949
"990",2,5,60.9,0.268592230375389
"991",6,5,62,1.36516538066402
"992",1,5,56.5,-0.209912417023285
"993",7,5,53.9,-0.120192795636034
"994",4,5,49.9,-0.229850110664897
"995",6,5,60,1.67419963210899
"996",1,5,63.1,-0.558822055751485
"997",5,5,65.7,1.42497846158885
"998",5,5,60.1,3.10971357430502
"999",3,5,57.1,0.388218392225058
"1000",1,5,64.7,-0.439195893901817
"1001",6,5,59.6,3.73775092401578
"1002",4,5,55.3,-0.309600885231342
"1003",3,5,44.9,0.21874799627136
"1004",7,5,58.8,0.0193710598552462
"1005",7,5,56.7,0.49787570725392
"1006",7,5,54.3,-0.389351659797788
"1007",5,5,57.7,-0.399320506618594
"1008",1,5,57,-0.499008974826651
"1009",6,5,54.4,1.23557037199354
"1010",5,5,54.8,0.158934915346526
"1011",6,5,58.3,1.00628689511501
"1012",1,5,45.7,-0.100255101994422
"1013",4,5,58.8,0.667346103207618
"1014",7,5,56.8,0.378249545404252
"1015",5,5,57.8,0.597564175461978
"1016",1,5,52,-0.518946668468262
"1017",5,5,51.3,0.258623383554583
"1018",4,5,59.5,0.557688788178755
"1019",3,5,58.3,0.84678534598212
"1020",2,5,57.9,0.458000319970698
"1021",5,5,61.5,1.35519653384321
"1022",3,5,54.4,-0.0703485615320052
"1023",5,5,60.9,0.856754192802926
"1024",5,5,54,0.547719941357949
"1025",6,5,65.4,2.13276658586606
"1026",7,5,63.3,0.228716843092166
"1027",7,5,51.3,-0.459133587543428
"1028",1,5,46.9,-0.698385911242765
"1029",4,5,54.7,1.14585075060629
"1030",4,5,54.6,0.0193710598552462
"1031",3,5,53.9,1.78385694713786
"1032",7,5,54.6,-1.12704632453741
"1033",2,5,53.9,-0.329538578872954
"1034",2,5,52.2,0.418124932687475
"1035",2,5,50.8,1.42497846158885
"1036",3,5,55.4,1.43494730840966
"1037",4,5,51.6,0.0393087534968576
"1038",3,5,48.4,1.36516538066402
"1039",4,5,55.3,0.866723039623732
"1040",4,5,53.9,0.418124932687475
"1041",7,5,56.2,-0.758198992167599
"1042",4,5,55.4,0.697252643670035
"1043",5,5,49.9,-0.140130489277645
"1044",5,5,52,-0.0304731742487823
"1045",5,5,54.1,1.32528999338079
"1046",6,5,54.9,0.607533022282783
"1047",6,5,52.2,0.168903762167332
"1048",1,5,56.3,-0.279694344768925
"1049",2,5,57.5,0.587595328641172
"1050",3,5,56.8,0.597564175461978
"1051",5,5,57.2,0.0293399066760519
"1052",7,5,57.7,0.198810302629749
"1053",7,5,44.4,-0.588728596213902
"1054",4,5,51.1,-0.608666289855514
"1055",6,5,48.5,1.28541460609757
"1056",2,5,48.1,0.308467617658612
"1057",6,5,46.9,0.866723039623732
"1058",1,5,44.5,-0.439195893901817
"1059",3,6,60.4,1.21563267835193
"1060",6,6,61.7,1.49476038933449
"1061",7,6,58.1,-0.150099336098451
"1062",5,6,60,-0.299632038410537
"1063",3,6,55.3,1.20566383153113
"1064",5,6,61,0.976380354652595
"1065",1,6,62.7,-0.459133587543428
"1066",2,6,61.2,-0.708354758063571
"1067",1,6,63.8,-0.0603797147111995
"1068",5,6,62,1.44491615523046
"1069",7,6,61.7,0.547719941357949
"1070",4,6,58.6,-0.000566633786365205
"1071",2,6,57.4,0.438062626329086
"1072",2,6,64.7,2.19257966679089
"1073",2,6,56.2,0.866723039623732
"1074",6,6,59.2,2.18261081997009
"1075",2,6,63.2,0.14896606852572
"1076",6,6,62,0.906598426906955
"1077",5,6,59.9,0.866723039623732
"1078",6,6,66.9,1.47482269569288
"1079",1,6,64.7,-0.618635136676319
"1080",7,6,62.4,-0.0304731742487823
"1081",7,6,55.3,-0.419258200260205
"1082",5,6,63.4,2.15270427950767
"1083",7,6,60.6,-0.189974723381674
"1084",3,6,62.2,1.17575729106871
"1085",2,6,66,-0.469102434364234
"1086",7,6,62.2,0.119059528063303
"1087",2,6,62.2,0.248654536733778
"1088",6,6,59.8,1.34522768702241
"1089",1,6,63.6,-0.658510523959542
"1090",4,6,67.2,0.876691886444537
"1091",7,6,61.5,-0.0404420210695881
"1092",5,6,67.3,0.757065724594869
"1093",1,6,59.9,-0.399320506618594
"1094",7,6,62.6,1.00628689511501
"1095",1,6,63.2,-1.21676594592466
"1096",3,6,64.2,-0.0603797147111995
"1097",7,6,59.9,-0.419258200260205
"1098",3,6,62.5,0.667346103207618
"1099",5,6,64.6,0.667346103207618
"1100",4,6,64,1.72404386621302
"1101",5,6,55.7,0.836816499161315
"1102",4,6,65.2,0.677314950028423
"1103",2,6,67.3,0.109090681242498
"1104",2,6,62.1,0.448031473149892
"1105",6,6,64.6,1.65426193846738
"1106",6,6,63,1.48479154251369
"1107",5,6,68.9,1.61438655118416
"1108",6,6,66,1.74398155985463
"1109",3,6,65.5,1.03619343557743
"1110",1,6,61.5,-0.658510523959542
"1111",1,6,65.7,-0.399320506618594
"1112",1,6,69.3,-0.299632038410537
"1113",7,6,62.9,1.06609997603985
"1114",1,6,64.9,-0.827980919913239
"1115",2,6,67.1,1.74398155985463
"1116",4,6,69.5,0.21874799627136
"1117",1,6,66,-0.120192795636034
"1118",2,6,61.5,0.467969166791503
"1119",2,6,51,0.9863492014734
"1120",2,6,57.8,-0.927669388121297
"1121",6,6,56.1,1.91345195580833
"1122",3,6,53.4,0.42809377950828
"1123",4,6,54.5,0.757065724594869
"1124",5,6,55.7,0.547719941357949
"1125",4,6,54.8,0.517813400895532
"1126",3,6,54.5,0.886660733265343
"1127",2,6,60.8,1.07606882286065
"1128",7,6,58,-0.0105354806071709
"1129",5,6,52.7,0.607533022282783
"1130",5,6,58.6,0.0592464471384691
"1131",7,6,60.9,0.318436464479418
"1132",6,6,57.6,1.70410617257141
"1133",2,6,60.4,0.597564175461978
"1134",2,6,56.6,0.56765763499956
"1135",4,6,59.4,1.06609997603985
"1136",4,6,59.8,0.557688788178755
"1137",6,6,58.2,1.37513422748482
"1138",6,6,61.7,1.08603766968146
"1139",7,6,56.9,0.378249545404252
"1140",1,6,61.8,-1.11707747771661
"1141",5,6,60.8,-0.638572830317931
"1142",5,6,57.2,1.71407501939222
"1143",3,6,58.5,0.158934915346526
"1144",3,6,63.4,2.13276658586606
"1145",6,6,59.8,0.577626481820366
"1146",3,6,61.8,0.138997221704915
"1147",1,6,58,-1.30648556731191
"1148",1,6,61.3,-1.21676594592466
"1149",3,6,60.9,0.138997221704915
"1150",5,6,56.7,0.348343004941835
"1151",3,6,64,0.527782247716338
"1152",5,6,63.8,2.33214352228217
"1153",7,6,62.7,0.208779149450555
"1154",2,6,63.8,1.3352588402016
"1155",1,6,64.9,-0.937638234942102
"1156",1,6,61.5,1.02622458875662
"1157",7,6,60.4,0.657377256386812
"1158",1,6,62.8,-0.897762847658879
"1159",1,6,66.7,0.278561077196195
"1160",2,6,62.9,2.08292235176203
"1161",7,6,71.1,0.517813400895532
"1162",7,6,62.1,0.886660733265343
"1163",6,6,63.9,0.607533022282783
"1164",3,6,64.3,1.57451116390094
"1165",6,6,65.3,2.11282889222445
"1166",5,6,65.8,2.45176968413184
"1167",7,6,62.8,0.77700341823648
"1168",7,6,67.2,1.53463577661771
"1169",6,6,64.9,1.93338964944994
"1170",2,6,68.5,1.31532114655999
"1171",7,6,68,-2.03421138523073
"1172",4,6,67.1,1.54460462343852
"1173",1,6,68.8,-0.0902862551736166
"1174",5,6,68.7,0.70722149049084
"1175",4,6,70.8,1.78385694713786
"1176",6,6,67,-1.47595596326561
"1177",3,6,61.5,0.627470715924395
"1178",2,6,66.7,0.697252643670035
"1179",6,6,66.1,0.0891529876008862
"1180",4,6,53,0.587595328641172
"1181",5,6,51.5,0.936504967369372
"1182",1,6,52.8,-0.738261298525988
"1183",3,6,67.3,2.29226813499895
"1184",6,6,66.8,1.53463577661771
"1185",2,6,66,2.04304696447881
"1186",7,6,62,-0.937638234942102
"1187",7,6,65.8,0.607533022282783
"1188",6,6,65.6,1.32528999338079
"1189",3,6,58.2,0.6374395627452
"1190",3,6,61.2,1.09600651650226
"1191",6,6,61.3,1.43494730840966
"1192",2,6,62.9,1.58448001072174
"1193",1,6,59.5,-0.399320506618594
"1194",2,6,59.6,0.348343004941835
"1195",5,6,60.6,0.816878805519703
"1196",6,6,61.1,1.28541460609757
"1197",1,6,57.7,-0.728292451705182
"1198",7,6,59.2,-0.857887460375656
"1199",4,6,62.3,-0.0803174083528109
"1200",5,6,64.1,1.37513422748482
"1201",4,6,62.6,0.228716843092166
"1202",1,6,65.4,-1.75508367424817
"1203",3,6,63.6,0.816878805519703
"1204",7,6,66.2,-0.0803174083528109
"1205",5,6,65.5,-0.0105354806071709
"1206",4,6,62.8,0.9863492014734
"1207",3,6,67.7,2.12279773904525
"1208",3,6,69.7,0.487906860433115
"1209",4,6,65.4,1.30535229973918
"1210",4,6,64,0.158934915346526
"1211",6,6,59,1.28541460609757
"1212",4,6,65.6,1.5146980829761
"1213",7,6,63.4,-0.000566633786365205
"1214",1,6,60.8,-0.170037029740062
"1215",5,6,65.6,1.67419963210899
"1216",4,6,62.7,-0.588728596213902
"1217",1,6,64.4,-0.638572830317931
"1218",2,6,64.3,1.18572613788951
"1219",2,6,64.3,0.627470715924395
"1220",3,6,66.1,0.757065724594869
"1221",5,6,63,0.438062626329086
"1222",2,6,55.9,0.91656727372776
"1223",3,6,60.7,1.62435539800497
"1224",1,6,64.9,0.208779149450555
"1225",3,6,60.8,0.35831185176264
"1226",6,6,58.4,1.10597536332307
"1227",6,6,58.6,1.5146980829761
"1228",1,6,56.9,-0.837949766734045
"1229",7,6,62.3,-0.279694344768925
"1230",4,6,55.2,-0.170037029740062
"1231",3,6,52.4,0.607533022282783
"1232",5,6,61.4,1.34522768702241
"1233",1,6,66.1,-1.23670363956627
"1234",5,6,65.2,0.896629580086149
"1235",7,6,60.2,0.35831185176264
"1236",4,6,66.8,0.467969166791503
"1237",4,6,62.9,0.866723039623732
"1238",1,6,58.4,-1.32642326095352
"1239",4,6,67.3,2.033078117658
"1240",3,6,67.1,0.228716843092166
"1241",7,6,65.6,0.238685689912972
"1242",2,6,65.2,0.228716843092166
"1243",4,6,63.7,1.39507192112643
"1244",3,6,63.7,0.826847652340509
"1245",2,6,66.8,0.806909958698897
"1246",2,6,61.4,1.45488500205127
"1247",3,6,63.8,-0.299632038410537
"1248",5,6,59.1,0.158934915346526
"1249",6,6,63.2,1.71407501939222
"1250",5,6,61,-0.359445119335371
"1251",4,6,61.7,1.63432424482577
"1252",4,6,62.6,1.44491615523046
"1253",4,6,64.8,1.06609997603985
"1254",1,6,58.4,0.0492776003176634
"1255",3,6,60,0.328405311300223
"1256",2,6,59.4,0.138997221704915
"1257",4,6,71.6,0.6374395627452
"1258",7,6,66.5,0.138997221704915
"1259",7,6,63.1,0.228716843092166
"1260",1,6,66.9,-0.209912417023285
"1261",7,6,64.7,0.35831185176264
"1262",6,6,68,2.45176968413184
"1263",6,6,55,0.936504967369372
"1264",5,6,52.2,-0.469102434364234
"1265",6,6,53.1,0.926536120548566
"1266",6,6,54.8,1.57451116390094
"1267",4,6,61.2,-0.229850110664897
"1268",5,6,66.7,0.70722149049084
"1269",4,7,63.6,0.35831185176264
"1270",1,7,66.5,-0.588728596213902
"1271",4,7,68.7,0.35831185176264
"1272",2,7,66.7,0.338374158121029
"1273",1,7,67.5,-0.698385911242765
"1274",1,7,65.5,-0.349476272514565
"1275",4,7,65.5,0.836816499161315
"1276",6,7,69.4,-0.000566633786365205
"1277",5,7,61.8,0.109090681242498
"1278",7,7,64.3,0.49787570725392
"1279",4,7,72.9,0.0991218344216919
"1280",5,7,75.6,0.368280698583446
"1281",3,7,67.2,1.27544575927677
"1282",7,7,67.3,-0.140130489277645
"1283",3,7,67.7,0.0193710598552462
"1284",1,7,68.7,-1.59558212511528
"1285",6,7,64.9,0.597564175461978
"1286",7,7,67.7,-0.0404420210695881
"1287",3,7,67.1,-0.120192795636034
"1288",6,7,67.4,0.537751094537143
"1289",7,7,65.1,-0.867856307196462
"1290",6,7,71.6,-0.229850110664897
"1291",6,7,69.2,0.856754192802926
"1292",3,7,70.4,-0.459133587543428
"1293",6,7,68.3,-0.499008974826651
"1294",4,7,70.8,0.77700341823648
"1295",6,7,69.2,0.667346103207618
"1296",6,7,70.6,0.547719941357949
"1297",7,7,67,-0.937638234942102
"1298",3,7,71.2,-0.150099336098451
"1299",4,7,71.1,0.14896606852572
"1300",6,7,64.8,1.26547691245596
"1301",2,7,68.3,0.677314950028423
"1302",1,7,72.8,-1.51583135054883
"1303",6,7,66.9,1.52466692979691
"1304",1,7,69.6,-0.867856307196462
"1305",2,7,66.9,0.936504967369372
"1306",6,7,64.3,1.00628689511501
"1307",5,7,68.2,0.42809377950828
"1308",1,7,68.2,-1.47595596326561
"1309",5,7,68.7,0.0393087534968576
"1310",1,7,65.8,-0.479071281185039
"1311",5,7,70.4,-0.120192795636034
"1312",4,7,71.2,0.886660733265343
"1313",1,7,71.4,-0.538884362109874
"1314",5,7,67.9,1.39507192112643
"1315",7,7,62.9,-2.09402446615556
"1316",4,7,71.7,-1.92455407020187
"1317",2,7,73.4,1.27544575927677
"1318",1,7,71.5,-0.778136685809211
"1319",5,7,71.7,1.20566383153113
"1320",4,7,71.8,0.806909958698897
"1321",7,7,71.8,-0.0205043274279766
"1322",3,7,73.8,0.996318048294206
"1323",5,7,72.2,1.09600651650226
"1324",4,7,68.3,0.9863492014734
"1325",4,7,67.9,1.06609997603985
"1326",5,7,68.7,0.0393087534968576
"1327",7,7,61.7,-1.00742016268774
"1328",3,7,62.8,-0.0404420210695881
"1329",1,7,63,-0.907731694479685
"1330",6,7,65.7,0.129028374884109
"1331",2,7,65.9,-0.419258200260205
"1332",2,7,63.1,0.188841455808943
"1333",2,7,70.9,0.178872608988138
"1334",4,7,72.3,0.119059528063303
"1335",4,7,74.9,-0.279694344768925
"1336",1,7,68.4,-0.449164740722622
"1337",3,7,72,-1.74511482742736
"1338",1,7,73.2,-0.329538578872954
"1339",1,7,74.4,-1.23670363956627
"1340",7,7,74.3,0.507844554074726
"1341",5,7,67.3,0.866723039623732
"1342",3,7,75.3,0.886660733265343
"1343",4,7,75.4,0.906598426906955
"1344",4,7,73.7,0.188841455808943
"1345",3,7,72.6,0.0692152939592748
"1346",4,7,76,0.298498770837806
"1347",2,7,68.4,1.19569498471032
"1348",1,7,70.8,-0.359445119335371
"1349",5,7,74.2,1.17575729106871
"1350",3,7,69.2,0.547719941357949
"1351",4,7,67.3,0.0592464471384691
"1352",6,7,70.7,1.98323388355397
"1353",6,7,65.2,1.09600651650226
"1354",5,7,69.1,1.41500961476805
"1355",3,7,68.8,0.388218392225058
"1356",5,7,69.8,-1.60555097193608
"1357",2,7,63,0.208779149450555
"1358",2,7,64.9,-0.0703485615320052
"1359",4,7,70.4,-0.479071281185039
"1360",5,7,67.7,-0.917700541300491
"1361",7,7,66.9,-0.648541677138737
"1362",5,7,67.7,0.268592230375389
"1363",2,7,68.7,1.19569498471032
"1364",2,7,71.1,0.268592230375389
"1365",4,7,69,0.587595328641172
"1366",3,7,67.9,-0.0803174083528109
"1367",4,7,71.6,1.47482269569288
"1368",4,7,72.9,0.0492776003176634
"1369",1,7,71.8,-1.01738900950855
"1370",3,7,67.4,0.577626481820366
"1371",1,7,72.9,-1.2765790268495
"1372",7,7,73,-0.827980919913239
"1373",2,7,73.1,0.378249545404252
"1374",3,7,70.3,0.587595328641172
"1375",4,7,70.9,0.308467617658612
"1376",6,7,69.6,0.248654536733778
"1377",6,7,66.1,0.178872608988138
"1378",6,7,66,0.747096877774063
"1379",3,7,72.1,-0.279694344768925
"1380",3,7,68.9,1.09600651650226
"1381",6,7,70.8,1.47482269569288
"1382",3,7,72.4,0.438062626329086
"1383",5,7,71.9,0.238685689912972
"1384",5,7,70.4,1.31532114655999
"1385",2,7,71.5,0.9863492014734
"1386",3,7,73,0.388218392225058
"1387",2,7,72.8,0.49787570725392
"1388",7,7,68.5,-1.47595596326561
"1389",2,7,70.9,0.687283796849229
"1390",2,7,71.3,-0.189974723381674
"1391",5,7,70.8,1.59444885754255
"1392",3,7,69,0.617501869103589
"1393",6,7,73.9,0.976380354652595
"1394",6,7,72.4,1.69413732575061
"1395",4,7,70.2,0.547719941357949
"1396",6,7,63.7,1.07606882286065
"1397",5,7,66.6,-2.04418023205154
"1398",7,7,74.5,-0.479071281185039
"1399",6,7,71.7,-1.08717093725419
"1400",7,7,71.9,-0.409289353439399
"1401",1,7,72.9,-1.35632980141594
"1402",3,7,72.7,-0.160068182919257
"1403",6,7,69.1,0.42809377950828
"1404",4,7,70.6,-0.459133587543428
"1405",6,7,70.8,1.74398155985463
"1406",3,7,66.7,0.627470715924395
"1407",3,7,69.4,1.06609997603985
"1408",5,7,61.7,0.119059528063303
"1409",2,7,69.2,-0.0105354806071709
"1410",2,7,72.6,0.178872608988138
"1411",7,7,65,-1.18685940546224
"1412",3,7,68.1,0.467969166791503
"1413",5,7,69.5,0.0592464471384691
"1414",7,7,70.8,-0.000566633786365205
"1415",2,7,67.3,0.398187239045863
"1416",1,7,69.3,-0.837949766734045
"1417",2,7,68.3,-0.0803174083528109
"1418",6,7,67.1,0.507844554074726
"1419",4,7,67.2,0.0791841407800805
"1420",5,7,69.4,-0.150099336098451
"1421",3,7,77.4,-0.170037029740062
"1422",2,7,76.5,0.418124932687475
"1423",1,7,76.7,-1.21676594592466
"1424",6,7,76.7,1.53463577661771
"1425",7,7,76.2,-0.130161642456839
"1426",4,7,66.1,0.268592230375389
"1427",7,7,73.5,0.238685689912972
"1428",4,7,71.5,-0.459133587543428
"1429",7,7,74,0.487906860433115
"1430",5,7,74.7,1.74398155985463
"1431",6,7,75.6,1.3352588402016
"1432",5,7,66.8,0.587595328641172
"1433",1,7,70.6,-0.249787804306508
"1434",4,7,69.4,-0.299632038410537
"1435",1,7,68.6,-1.22673479274547
"1436",2,7,60.9,0.727159184132452
"1437",2,7,69.4,-0.0404420210695881
"1438",1,7,69,-1.57564443147367
"1439",2,7,69.2,-0.0205043274279766
"1440",3,7,66.9,0.786972265057286
"1441",3,7,69.5,-0.0504108678903938
"1442",1,7,67.1,0.0692152939592748
"1443",1,7,65.8,-1.31645441413272
"1444",7,7,69.1,-0.827980919913239
"1445",2,7,68.6,0.14896606852572
"1446",2,7,69.7,-0.319569732052148
"1447",2,7,69.9,0.14896606852572
"1448",1,7,68.7,-0.618635136676319
"1449",7,7,68.9,-1.2765790268495
"1450",1,7,61.7,-0.538884362109874
"1451",7,7,67.8,-0.379382812976982
"1452",3,7,68.6,0.168903762167332
"1453",1,7,65.2,-1.47595596326561
"1454",7,7,64.9,-0.219881263844091
"1455",5,7,71.4,0.208779149450555
"1456",4,7,69.2,-0.0803174083528109
"1457",2,7,63.9,0.56765763499956
"1458",3,7,68.9,-0.728292451705182
"1459",4,7,68.3,0.278561077196195
"1460",2,7,76.3,-0.180005876560868
"1461",6,7,69.9,-2.38312102395893
"1462",4,7,70.6,0.208779149450555
"1463",7,7,65.7,-0.489040128005845
"1464",5,7,69.1,1.40504076794724
"1465",7,7,67.3,-0.728292451705182
"1466",2,7,68.4,-1.1071086308958
"1467",3,7,70.5,0.806909958698897
"1468",7,7,67.1,0.0293399066760519
"1469",1,7,66.9,-0.718323604884377
"1470",5,7,69.6,-0.598697443034708
"1471",3,7,67.1,0.6374395627452
"1472",1,7,67.2,-1.50586250372803
"1473",7,7,67.9,-0.239818957485702
"1474",7,7,69.4,-0.289663191589731
"1475",6,7,66.1,-0.568790902572291
"1476",4,7,69.8,0.577626481820366
"1477",5,7,69.8,0.0692152939592748
"1478",5,7,71.8,-0.489040128005845
"1479",5,7,69.1,-0.319569732052148
"1480",7,7,69.7,0.378249545404252
"1481",2,7,71.1,1.25550806563515
"1482",6,7,70.6,1.53463577661771
"1483",3,7,71.4,-0.120192795636034
"1484",1,7,69.8,-1.13701517135822
"1485",4,8,61.8,0.717190337311646
"1486",4,8,66.4,-1.16692171182063
"1487",2,8,63.3,-0.499008974826651
"1488",5,8,67.8,0.258623383554583
"1489",6,8,66.8,-0.768167838988405
"1490",1,8,65.5,-1.16692171182063
"1491",2,8,66.7,-0.369413966156177
"1492",4,8,65.4,-0.459133587543428
"1493",3,8,63,0.0891529876008862
"1494",2,8,77.5,0.438062626329086
"1495",3,8,73.1,0.448031473149892
"1496",3,8,73,1.1558195974271
"1497",2,8,73.1,0.517813400895532
"1498",2,8,68.2,-0.100255101994422
"1499",5,8,67.1,-0.319569732052148
"1500",2,8,62.7,-0.150099336098451
"1501",5,8,67.2,-0.000566633786365205
"1502",7,8,65.6,-1.44604942280319
"1503",4,8,63.8,-0.479071281185039
"1504",7,8,66.3,-1.08717093725419
"1505",1,8,62.3,-1.00742016268774
"1506",6,8,63.9,-0.309600885231342
"1507",6,8,67.4,0.786972265057286
"1508",4,8,68.4,0.228716843092166
"1509",1,8,63.9,-1.61551981875689
"1510",3,8,68.9,-0.479071281185039
"1511",4,8,71.9,0.438062626329086
"1512",6,8,70.6,0.368280698583446
"1513",7,8,65.9,-0.728292451705182
"1514",7,8,66.2,-0.718323604884377
"1515",1,8,67,-1.09713978407499
"1516",1,8,68.2,-0.708354758063571
"1517",6,8,67.6,0.557688788178755
"1518",7,8,67.5,-0.658510523959542
"1519",5,8,71.7,0.597564175461978
"1520",6,8,66.3,0.0193710598552462
"1521",4,8,70.1,0.35831185176264
"1522",5,8,69.3,-0.140130489277645
"1523",7,8,69.1,-0.199943570202479
"1524",1,8,69.1,-0.867856307196462
"1525",2,8,66.3,0.0492776003176634
"1526",5,8,72.3,0.14896606852572
"1527",4,8,73.9,-0.0504108678903938
"1528",1,8,68.5,-1.08717093725419
"1529",7,8,74.4,0.248654536733778
"1530",3,8,72.8,-0.0404420210695881
"1531",3,8,70.5,0.84678534598212
"1532",4,8,73.8,0.0692152939592748
"1533",1,8,67.7,-0.399320506618594
"1534",7,8,71.8,-0.170037029740062
"1535",3,8,75,0.667346103207618
"1536",2,8,69.9,0.278561077196195
"1537",5,8,73.5,0.308467617658612
"1538",1,8,74.3,-0.259756651127314
"1539",2,8,71.7,-0.239818957485702
"1540",2,8,73.8,0.697252643670035
"1541",6,8,74.4,1.07606882286065
"1542",4,8,74.5,0.198810302629749
"1543",6,8,70.4,1.29538345291838
"1544",3,8,69,0.378249545404252
"1545",2,8,74.8,0.328405311300223
"1546",3,8,60.4,-0.698385911242765
"1547",3,8,68,-0.917700541300491
"1548",6,8,65,-0.000566633786365205
"1549",1,8,66.4,-1.22673479274547
"1550",3,8,66.7,-0.189974723381674
"1551",2,8,71.3,0.328405311300223
"1552",4,8,76.5,0.587595328641172
"1553",7,8,73.9,-0.180005876560868
"1554",1,8,73.4,-1.06723324361258
"1555",4,8,74.6,0.56765763499956
"1556",5,8,71.5,0.35831185176264
"1557",5,8,73.4,0.00940221303444051
"1558",1,8,74.3,-0.469102434364234
"1559",2,8,74.8,0.14896606852572
"1560",1,8,74.2,-0.588728596213902
"1561",6,8,73.6,1.53463577661771
"1562",3,8,75.8,0.587595328641172
"1563",7,8,68.8,-0.309600885231342
"1564",6,8,76.9,1.07606882286065
"1565",5,8,76.2,1.36516538066402
"1566",4,8,67.5,-0.608666289855514
"1567",6,8,70.7,-0.199943570202479
"1568",5,8,71,-0.0703485615320052
"1569",4,8,67.1,0.557688788178755
"1570",5,8,66.2,0.188841455808943
"1571",5,8,67.8,0.507844554074726
"1572",1,8,69.4,-0.798074379450822
"1573",2,8,68.3,-0.778136685809211
"1574",6,8,68,0.308467617658612
"1575",2,8,68.2,-0.299632038410537
"1576",4,8,66.6,-0.269725497948119
"1577",5,8,67.8,-0.499008974826651
"1578",2,8,67.5,0.0692152939592748
"1579",3,8,67.2,-1.07720209043338
"1580",2,8,68.2,-0.798074379450822
"1581",7,8,69.4,-1.18685940546224
"1582",1,8,64,-1.39620518869916
"1583",3,8,66.9,0.0293399066760519
"1584",5,8,67.5,1.13588190378549
"1585",5,8,73.6,0.727159184132452
"1586",3,8,67.8,-0.219881263844091
"1587",4,8,71.1,0.00940221303444051
"1588",7,8,70.3,-0.967544775404519
"1589",7,8,71.8,0.0592464471384691
"1590",6,8,73.7,1.49476038933449
"1591",5,8,70,0.318436464479418
"1592",5,8,71.1,1.14585075060629
"1593",5,8,68,0.398187239045863
"1594",6,8,71.2,1.26547691245596
"1595",6,8,74.3,1.29538345291838
"1596",6,8,66.4,0.338374158121029
"1597",5,8,70.5,-0.209912417023285
"1598",6,8,73.4,1.56454231708013
"1599",4,8,70.3,-0.369413966156177
"1600",1,8,71.2,-1.17689055864144
"1601",2,8,67.7,0.0293399066760519
"1602",7,8,72.4,-1.03732670315016
"1603",1,8,69.5,-1.17689055864144
"1604",1,8,72.8,-0.608666289855514
"1605",6,8,72,-0.299632038410537
"1606",4,8,74.1,0.458000319970698
"1607",3,8,71.5,0.507844554074726
"1608",7,8,70.3,-0.598697443034708
"1609",2,8,73.3,-0.359445119335371
"1610",6,8,71.4,0.0991218344216919
"1611",1,8,75.3,-0.778136685809211
"1612",1,8,71,-0.359445119335371
"1613",1,8,72.6,-0.359445119335371
"1614",3,8,72.8,1.01625574193582
"1615",5,8,74.6,-0.120192795636034
"1616",7,8,70.3,-0.329538578872954
"1617",4,8,70.6,0.188841455808943
"1618",5,8,65.7,-0.269725497948119
"1619",2,8,71.2,-0.130161642456839
"1620",5,8,68.9,0.438062626329086
"1621",4,8,72.3,0.298498770837806
"1622",3,8,71.2,-1.29651672049111
"1623",4,8,70.2,0.0891529876008862
"1624",2,8,70.2,0.168903762167332
"1625",3,8,71,-0.568790902572291
"1626",6,8,73.7,0.458000319970698
"1627",5,8,71,0.188841455808943
"1628",7,8,71.8,0.388218392225058
"1629",7,8,71.2,-0.269725497948119
"1630",5,8,73.3,0.467969166791503
"1631",5,8,73.7,1.22560152517274
"1632",6,8,67.2,0.318436464479418
"1633",7,8,70.4,-0.608666289855514
"1634",1,8,73.3,-0.997451315866936
"1635",4,8,70.1,-0.369413966156177
"1636",7,8,69.7,-0.538884362109874
"1637",7,8,60.1,-0.887794000838074
"1638",2,8,64.3,-1.04729554997097
"1639",3,8,62,0.14896606852572
"1640",7,8,73.4,0.687283796849229
"1641",5,8,77.2,0.477938013612309
"1642",6,8,74.9,1.03619343557743
"1643",4,8,75.3,0.856754192802926
"1644",6,8,67.5,0.677314950028423
"1645",2,8,65.5,-1.36629864823675
"1646",6,8,69.9,0.238685689912972
"1647",7,8,64.3,-0.588728596213902
"1648",4,8,64.5,-0.907731694479685
"1649",3,8,63.9,-0.827980919913239
"1650",7,8,64.1,-0.289663191589731
"1651",4,8,67.4,0.876691886444537
"1652",2,8,67.9,-0.0404420210695881
"1653",1,8,69.1,-1.03732670315016
"1654",1,8,68.3,-1.22673479274547
"1655",6,8,66.6,-0.758198992167599
"1656",2,8,66.9,0.119059528063303
"1657",6,8,65.3,1.00628689511501
"1658",3,8,67.9,0.0193710598552462
"1659",4,8,69.2,0.607533022282783
"1660",5,8,64.2,1.1558195974271
"1661",3,8,65.2,0.318436464479418
"1662",3,8,67.8,-0.459133587543428
"1663",3,8,66.2,-0.558822055751485
"1664",6,8,66.6,0.129028374884109
"1665",7,8,75.9,0.14896606852572
"1666",2,8,72.5,0.737128030953258
"1667",4,8,70.6,-0.768167838988405
"1668",6,8,71.6,0.109090681242498
"1669",3,8,67.7,0.228716843092166
"1670",5,8,74.3,0.188841455808943
"1671",3,8,75.5,-0.249787804306508
"1672",7,8,73.9,-0.199943570202479
"1673",2,8,74.1,-0.0703485615320052
"1674",1,8,75.9,-0.489040128005845
"1675",3,8,74.5,0.238685689912972
"1676",2,8,74,1.05613112921904
"1677",5,8,74.9,1.09600651650226
"1678",7,8,67.3,-0.947607081762908
"1679",6,8,69.7,0.268592230375389
"1680",3,8,68.2,1.05613112921904
"1681",4,8,71.1,-0.618635136676319
"1682",2,8,69.1,0.178872608988138
"1683",6,8,67.1,0.816878805519703
"1684",7,8,71.3,-0.209912417023285
"1685",6,8,67.7,1.58448001072174
"1686",4,8,68.6,0.188841455808943
"1687",1,8,68.3,-0.867856307196462
"1688",2,8,68.1,-0.538884362109874
"1689",4,8,70.4,0.617501869103589
"1690",7,8,67.7,-0.259756651127314
"1691",1,8,70.9,-0.997451315866936
"1692",1,8,64.8,-1.56567558465286
"1693",7,8,68.3,-0.847918613554851
"1694",5,8,68.6,-0.389351659797788
"1695",1,8,68.8,-1.14698401817902
"1696",5,8,70,0.109090681242498
"1697",7,8,66.5,-0.469102434364234
"1698",1,8,69.4,-1.44604942280319
"1699",3,8,69.2,0.0692152939592748
"1700",4,8,68.1,-0.000566633786365205
"1701",7,8,69.3,-1.06723324361258
"1702",5,9,57.3,0.0592464471384691
"1703",2,9,57.4,-0.0504108678903938
"1704",6,9,58.1,-0.459133587543428
"1705",4,9,55.3,-0.598697443034708
"1706",7,9,56.3,-0.489040128005845
"1707",5,9,56.8,-0.827980919913239
"1708",7,9,62.1,-1.09713978407499
"1709",1,9,60,-0.808043226271628
"1710",5,9,63.9,-0.638572830317931
"1711",1,9,61.2,-1.22673479274547
"1712",1,9,62.2,-0.708354758063571
"1713",2,9,62.3,0.507844554074726
"1714",7,9,57,-0.0504108678903938
"1715",5,9,59.7,-1.07720209043338
"1716",4,9,56,0.0592464471384691
"1717",4,9,58.9,-0.329538578872954
"1718",2,9,67.9,0.627470715924395
"1719",1,9,61,-0.887794000838074
"1720",3,9,65.5,0.298498770837806
"1721",6,9,57.2,0.487906860433115
"1722",1,9,66.9,-1.1071086308958
"1723",2,9,63.6,1.35519653384321
"1724",6,9,68.6,1.65426193846738
"1725",3,9,62.8,0.0592464471384691
"1726",7,9,62.3,0.0492776003176634
"1727",3,9,59,-0.0703485615320052
"1728",5,9,64.7,0.458000319970698
"1729",2,9,63.9,0.0393087534968576
"1730",2,9,56.3,-1.6354575123985
"1731",6,9,63.5,1.03619343557743
"1732",3,9,63.3,-0.100255101994422
"1733",5,9,61.1,0.507844554074726
"1734",6,9,59.6,1.57451116390094
"1735",1,9,66.6,-0.947607081762908
"1736",7,9,63.6,-0.528915515289068
"1737",1,9,66.3,-0.140130489277645
"1738",1,9,62.6,-0.429227047081011
"1739",2,9,64.9,-1.71520828696495
"1740",2,9,68.5,0.398187239045863
"1741",3,9,68.1,1.07606882286065
"1742",3,9,68.6,0.288529924017
"1743",1,9,65.3,-1.32642326095352
"1744",7,9,67.7,-0.449164740722622
"1745",7,9,62.6,0.467969166791503
"1746",5,9,61.5,0.198810302629749
"1747",2,9,65.7,0.727159184132452
"1748",2,9,64.2,1.26547691245596
"1749",3,9,64.6,-0.0703485615320052
"1750",1,9,68.2,-1.20679709910386
"1751",2,9,65.9,-0.329538578872954
"1752",6,9,67.1,1.30535229973918
"1753",4,9,63.8,0.0492776003176634
"1754",4,9,66.2,0.188841455808943
"1755",2,9,64,-1.79495906153139
"1756",6,9,61.2,-0.140130489277645
"1757",1,9,65.3,-0.120192795636034
"1758",5,9,64.4,0.198810302629749
"1759",7,9,66.8,-0.578759749393096
"1760",4,9,70,0.21874799627136
"1761",2,9,71.5,-2.06411792569315
"1762",1,9,70.1,-1.21676594592466
"1763",6,9,70.1,1.60441770436335
"1764",5,9,67.7,0.288529924017
"1765",3,9,65.9,0.56765763499956
"1766",5,9,73.8,1.1657884442479
"1767",4,9,70.3,0.487906860433115
"1768",3,9,71.1,1.00628689511501
"1769",5,9,71.5,0.757065724594869
"1770",4,9,68.7,0.966411507831789
"1771",4,9,66.6,0.00940221303444051
"1772",5,9,69.4,1.40504076794724
"1773",7,9,70.4,0.557688788178755
"1774",5,9,68.5,1.17575729106871
"1775",7,9,72,-0.459133587543428
"1776",6,9,69.2,0.976380354652595
"1777",4,9,75.8,1.40504076794724
"1778",3,9,76.4,1.95332734309155
"1779",4,9,72.8,1.48479154251369
"1780",3,9,54.5,0.158934915346526
"1781",6,9,60.1,2.72092854829359
"1782",6,9,61.3,0.14896606852572
"1783",1,9,57.6,-0.269725497948119
"1784",2,9,57.5,0.109090681242498
"1785",3,9,63.5,-0.279694344768925
"1786",3,9,56.1,0.278561077196195
"1787",4,9,62.4,-0.977513622225325
"1788",6,9,65.4,1.40504076794724
"1789",7,9,63.8,-0.668479370780348
"1790",6,9,60.5,1.12591305696468
"1791",7,9,59.9,-0.409289353439399
"1792",2,9,62.4,-0.289663191589731
"1793",2,9,65.4,-0.668479370780348
"1794",4,9,66.5,-0.798074379450822
"1795",2,9,67.6,-0.199943570202479
"1796",1,9,59.4,-1.05726439679177
"1797",3,9,61.5,0.35831185176264
"1798",4,9,66.1,-0.160068182919257
"1799",4,9,61.9,0.587595328641172
"1800",7,9,63.1,0.0891529876008862
"1801",7,9,59.4,-0.419258200260205
"1802",5,9,69.4,1.27544575927677
"1803",3,9,74.6,0.268592230375389
"1804",4,9,74,-0.189974723381674
"1805",4,9,69.2,1.6841684789298
"1806",3,9,75.7,1.8636077217043
"1807",3,9,70,0.527782247716338
"1808",6,9,69.1,0.527782247716338
"1809",7,9,63.2,-1.00742016268774
"1810",1,9,70.6,-0.638572830317931
"1811",4,9,69.6,0.0891529876008862
"1812",5,9,70.2,0.956442661010983
"1813",5,9,67.1,1.90348310898753
"1814",2,9,65.6,0.737128030953258
"1815",6,9,62.7,0.816878805519703
"1816",4,9,67.5,1.38510307430563
"1817",2,9,65.4,0.208779149450555
"1818",4,9,70.5,0.348343004941835
"1819",4,9,69.4,1.55457347025933
"1820",5,9,66.3,0.727159184132452
"1821",2,9,63.6,-0.0105354806071709
"1822",6,9,70.6,0.438062626329086
"1823",2,9,71,0.806909958698897
"1824",7,9,66.6,-0.309600885231342
"1825",7,9,65,-0.698385911242765
"1826",5,9,67.4,1.28541460609757
"1827",1,9,68.2,0.0492776003176634
"1828",3,9,71.1,0.198810302629749
"1829",4,9,71,1.83370118124189
"1830",7,9,71.9,-0.0105354806071709
"1831",2,9,73,-1.13701517135822
"1832",5,9,67.2,0.607533022282783
"1833",1,9,63.8,-1.25664133320788
"1834",6,9,71.4,1.1558195974271
"1835",6,9,66.3,2.12279773904525
"1836",2,9,69.9,-0.658510523959542
"1837",3,9,70.8,-0.199943570202479
"1838",1,9,67,-0.708354758063571
"1839",5,9,66.1,1.18572613788951
"1840",6,9,71.1,0.717190337311646
"1841",2,9,63.9,0.248654536733778
"1842",5,9,72.6,2.22248620725331
"1843",1,9,70.7,-0.429227047081011
"1844",7,9,60.7,-1.1071086308958
"1845",5,9,63.7,0.597564175461978
"1846",6,9,60.6,1.1558195974271
"1847",2,9,57.5,0.617501869103589
"1848",4,9,56.1,-0.279694344768925
"1849",6,9,63.1,0.438062626329086
"1850",6,9,58.8,0.886660733265343
"1851",7,9,59.2,-0.518946668468262
"1852",1,9,54.9,-0.927669388121297
"1853",5,9,62.4,-0.628603983497125
"1854",1,9,61.1,-0.658510523959542
"1855",2,9,65.1,0.487906860433115
"1856",6,9,70.3,0.477938013612309
"1857",1,9,64.6,-0.837949766734045
"1858",1,9,71.3,-0.608666289855514
"1859",7,9,68.8,-0.369413966156177
"1860",1,9,59.8,-1.23670363956627
"1861",6,9,59.6,0.876691886444537
"1862",7,9,63.6,-0.140130489277645
"1863",3,9,64.1,1.79382579395866
"1864",6,9,62.6,0.318436464479418
"1865",3,9,65.5,0.617501869103589
"1866",1,9,66,-1.36629864823675
"1867",6,9,59.3,-0.0803174083528109
"1868",1,9,66.1,-0.837949766734045
"1869",2,9,55.2,0.238685689912972
"1870",3,9,60.5,1.1558195974271
"1871",7,9,62.6,0.318436464479418
"1872",5,9,60,0.248654536733778
"1873",4,9,69.9,-0.229850110664897
"1874",5,9,65.4,0.896629580086149
"1875",6,9,64.9,0.84678534598212
"1876",4,9,68.5,0.0492776003176634
"1877",4,9,68.3,0.248654536733778
"1878",6,9,67.9,2.27233044135734
"1879",7,9,64.5,-0.798074379450822
"1880",5,9,64.5,1.57451116390094
"1881",3,9,65.3,0.806909958698897
"1882",4,9,68.4,1.79382579395866
"1883",2,9,59.5,0.0592464471384691
"1884",3,9,61.2,0.138997221704915
"1885",3,9,65.4,0.597564175461978
"1886",7,9,58.7,-0.369413966156177
"1887",6,9,57.7,1.80379464077947
"1888",3,9,68.9,-0.548853208930679
"1889",7,9,66.8,0.238685689912972
"1890",3,9,69.9,0.268592230375389
"1891",7,9,63.5,0.00940221303444051
"1892",3,9,70.1,-0.479071281185039
"1893",5,9,67.4,-1.05726439679177
"1894",1,9,63.9,-0.0205043274279766
"1895",3,9,71,1.40504076794724
"1896",2,9,59.8,0.328405311300223
"1897",1,9,63.3,-0.867856307196462
"1898",1,9,64.7,-0.130161642456839
"1899",2,9,70.8,-1.67533289968172
"1900",7,9,67,-0.219881263844091
"1901",7,9,65.9,-0.0304731742487823
"1902",1,9,70.7,-1.18685940546224
"1903",2,9,66.8,-0.130161642456839
"1904",1,9,68,-0.987482469046131
"1905",3,9,69.3,-0.419258200260205
"1906",6,9,60.3,-0.738261298525988
"1907",7,9,60.7,0.129028374884109
"1908",5,9,69.3,1.44491615523046
"1909",4,9,63.1,0.378249545404252
"1910",2,10,42.8,0.677314950028423
"1911",6,10,39.8,1.47482269569288
"1912",2,10,48.3,0.557688788178755
"1913",2,10,43.3,0.507844554074726
"1914",5,10,46.5,2.31220582864056
"1915",6,10,48,0.477938013612309
"1916",4,10,45.9,0.467969166791503
"1917",6,10,54.1,1.59444885754255
"1918",7,10,59.4,-0.678448217601154
"1919",7,10,55.2,-0.738261298525988
"1920",2,10,58.6,-0.0205043274279766
"1921",1,10,56,-0.399320506618594
"1922",6,10,55,0.348343004941835
"1923",6,10,55.9,0.477938013612309
"1924",2,10,54.4,0.168903762167332
"1925",1,10,55.1,-0.967544775404519
"1926",6,10,54.3,0.697252643670035
"1927",2,10,55.7,0.398187239045863
"1928",4,10,57.8,-0.0404420210695881
"1929",1,10,60.4,0.138997221704915
"1930",5,10,59.5,0.398187239045863
"1931",1,10,53.7,-0.648541677138737
"1932",5,10,58.2,0.0891529876008862
"1933",2,10,60.2,-0.937638234942102
"1934",5,10,65,0.0293399066760519
"1935",7,10,62.7,-1.04729554997097
"1936",7,10,53.2,-0.219881263844091
"1937",2,10,62.3,0.418124932687475
"1938",6,10,62.3,0.806909958698897
"1939",7,10,59.2,0.49787570725392
"1940",7,10,58.8,-0.160068182919257
"1941",2,10,59.5,0.697252643670035
"1942",5,10,55.5,0.138997221704915
"1943",6,10,58.9,1.64429309164658
"1944",4,10,61.4,0.697252643670035
"1945",7,10,57.3,-1.2765790268495
"1946",1,10,56,-1.15695286499983
"1947",5,10,57.1,0.0393087534968576
"1948",5,10,57.1,0.836816499161315
"1949",6,10,62,2.23245505407411
"1950",1,10,63.3,-1.02735785632935
"1951",5,10,67.2,1.41500961476805
"1952",4,10,66.2,1.08603766968146
"1953",2,10,64.5,-0.140130489277645
"1954",6,10,63.1,2.30223698181975
"1955",7,10,61.3,-1.01738900950855
"1956",3,10,57.7,0.966411507831789
"1957",2,10,65.7,0.188841455808943
"1958",3,10,61.3,-0.758198992167599
"1959",3,10,61.5,-0.249787804306508
"1960",3,10,68.8,1.6841684789298
"1961",4,10,62.1,0.288529924017
"1962",3,10,46.7,0.318436464479418
"1963",2,10,54.1,-0.598697443034708
"1964",5,10,54.5,0.158934915346526
"1965",5,10,48.4,0.328405311300223
"1966",1,10,53.3,-1.25664133320788
"1967",4,10,48.8,1.19569498471032
"1968",7,10,51,0.14896606852572
"1969",6,10,49.2,1.87357656852511
"1970",7,10,50,1.57451116390094
"1971",3,10,51.5,0.816878805519703
"1972",6,10,51.8,1.98323388355397
"1973",1,10,49.3,-0.987482469046131
"1974",2,10,49,-0.0803174083528109
"1975",2,10,54.1,0.42809377950828
"1976",5,10,59.9,-0.409289353439399
"1977",6,10,51.3,0.687283796849229
"1978",4,10,53.8,0.896629580086149
"1979",3,10,49.1,-0.329538578872954
"1980",2,10,54.9,0.966411507831789
"1981",3,10,56.3,-0.369413966156177
"1982",1,10,56.8,-0.429227047081011
"1983",7,10,59.5,0.298498770837806
"1984",6,10,58.5,1.19569498471032
"1985",5,10,55.3,0.906598426906955
"1986",7,10,56.2,-0.967544775404519
"1987",7,10,48.9,-2.41302756442135
"1988",2,10,57.5,-0.259756651127314
"1989",6,10,57.4,1.08603766968146
"1990",4,10,55.6,0.996318048294206
"1991",4,10,62.4,-0.399320506618594
"1992",4,10,52.8,-1.00742016268774
"1993",7,10,51.5,-0.798074379450822
"1994",6,10,56.4,0.587595328641172
"1995",4,10,57.5,-0.508977821647457
"1996",3,10,53.9,0.158934915346526
"1997",1,10,55.5,-0.279694344768925
"1998",7,10,51.9,-0.419258200260205
"1999",5,10,59.4,-0.249787804306508
"2000",7,10,55.1,0.158934915346526
"2001",5,10,45.6,1.35519653384321
"2002",6,10,60.1,0.767034571415675
"2003",2,10,60.4,2.32217467546137
"2004",2,10,60.5,-1.08717093725419
"2005",5,10,59.8,0.667346103207618
"2006",4,10,59.3,1.11594421014387
"2007",5,10,63.2,1.67419963210899
"2008",4,10,61.9,-0.429227047081011
"2009",4,10,57,0.687283796849229
"2010",1,10,55.2,-0.957575928583714
"2011",2,10,58,1.39507192112643
"2012",6,10,59,-0.578759749393096
"2013",5,10,57.3,1.64429309164658
"2014",3,10,60.5,-0.758198992167599
"2015",5,10,56.1,0.268592230375389
"2016",7,10,52.7,-0.339507425693759
"2017",6,10,57.4,0.886660733265343
"2018",3,10,58.2,1.14585075060629
"2019",3,10,63.1,0.288529924017
"2020",5,10,60.5,0.667346103207618
"2021",4,10,65.2,0.398187239045863
"2022",7,10,61.3,0.298498770837806
"2023",6,10,63.2,0.487906860433115
"2024",2,10,62,-0.160068182919257
"2025",4,10,64.9,-0.239818957485702
"2026",6,10,64.6,2.51158276505667
"2027",3,10,62.1,0.168903762167332
"2028",6,10,64.9,0.49787570725392
"2029",7,10,58.7,0.338374158121029
"2030",6,10,55.6,1.54460462343852
"2031",4,10,62.7,1.20566383153113
"2032",5,10,60.8,-0.997451315866936
"2033",3,10,47.5,0.00940221303444051
"2034",1,10,52.8,-0.827980919913239
"2035",1,10,54.3,-0.867856307196462
"2036",7,10,49,0.268592230375389
"2037",7,10,55.5,-0.429227047081011
"2038",4,10,46.8,-0.409289353439399
"2039",2,10,50.7,0.208779149450555
"2040",4,10,65.1,0.487906860433115
"2041",5,10,60,1.17575729106871
"2042",1,10,64.4,-0.698385911242765
"2043",1,10,62.2,-1.18685940546224
"2044",5,10,63.7,0.577626481820366
"2045",3,10,57.1,0.886660733265343
"2046",3,10,64.3,0.856754192802926
"2047",3,10,63,0.208779149450555
"2048",2,10,60.7,-0.977513622225325
"2049",1,10,61.1,-0.419258200260205
"2050",4,10,57,1.08603766968146
"2051",3,10,57.7,0.0791841407800805
"2052",4,10,67.6,0.886660733265343
"2053",2,10,66.9,-0.239818957485702
"2054",6,10,62.8,0.587595328641172
"2055",1,10,65.8,-0.778136685809211
"2056",4,10,64.4,1.78385694713786
"2057",2,10,66.3,-0.528915515289068
"2058",4,10,65.6,0.767034571415675
"2059",3,10,64.7,0.138997221704915
"2060",5,10,60.4,0.627470715924395
"2061",7,10,63.8,-0.289663191589731
"2062",2,10,56,0.0791841407800805
"2063",3,10,59.4,0.318436464479418
"2064",2,10,57.1,0.926536120548566
"2065",1,10,57.6,-1.57564443147367
"2066",6,10,60.6,0.21874799627136
"2067",5,10,58.4,-0.399320506618594
"2068",5,10,62.5,0.168903762167332
"2069",1,10,59.6,-0.937638234942102
"2070",7,10,62,-0.180005876560868
"2071",7,10,58.6,-0.429227047081011
"2072",1,10,52,-1.6354575123985
"2073",1,10,61.3,-1.12704632453741
"2074",4,10,56.4,-0.698385911242765
"2075",1,10,59.1,-1.94449176384348
"2076",3,10,54.3,-0.279694344768925
"2077",4,10,63.8,0.587595328641172
"2078",3,10,64.4,1.24553921881435
"2079",5,10,59.7,0.836816499161315
"2080",3,10,63.8,-0.0902862551736166
"2081",4,10,64.8,0.477938013612309
"2082",6,10,55.5,0.0692152939592748
"2083",6,10,56,1.98323388355397
"2084",4,10,52.5,-0.409289353439399
"2085",2,10,57.7,-1.9843671511267
"2086",3,10,59.1,-0.588728596213902
"2087",7,10,55.5,-0.548853208930679
"2088",4,10,56.7,1.37513422748482
"2089",5,10,60.1,0.587595328641172
"2090",4,10,56.9,-2.1538375470804
"2091",3,10,51.1,1.36516538066402
"2092",6,10,56.2,1.42497846158885
"2093",6,10,62.2,1.96329618991236
"2094",7,10,62.4,-0.319569732052148
"2095",5,10,59.7,1.66423078528819
"2096",1,10,60.6,-0.708354758063571
"2097",3,10,59.4,-1.44604942280319
"2098",6,10,55.9,1.67419963210899
"2099",3,10,56.7,-0.499008974826651
"2100",5,10,59.6,1.57451116390094
"2101",3,10,63.2,0.976380354652595
"2102",5,10,65.8,-0.0902862551736166
"2103",3,10,55.1,0.398187239045863
"2104",3,10,47.9,1.21563267835193
"2105",3,10,54.3,1.39507192112643
"2106",4,10,51.5,0.587595328641172
"2107",1,10,46.1,-0.479071281185039
"2108",7,10,50.5,0.418124932687475
"2109",2,10,55.2,-0.399320506618594
"2110",1,10,56.2,-0.628603983497125
"2111",7,10,50.5,-0.130161642456839
"2112",7,10,52.9,-0.528915515289068
"2113",2,10,50.9,-1.47595596326561
"2114",2,10,52.3,0.9863492014734
"2115",1,10,58.3,-1.08717093725419
"2116",5,10,54.8,0.158934915346526
"2117",2,10,51.5,-1.58561327829447
"2118",1,10,57.6,-0.837949766734045
"2119",7,10,54.7,-0.837949766734045
"2120",1,10,48.5,-0.0603797147111995
"2121",1,10,57,-0.768167838988405
"2122",4,10,58.7,0.956442661010983
"2123",3,10,54.1,0.876691886444537
"2124",1,10,53.4,-1.31645441413272
"2125",5,10,45.3,1.63432424482577
"2126",4,10,44.7,1.06609997603985
"2127",2,11,27,1.10597536332307
"2128",7,11,30.2,0.238685689912972
"2129",7,11,42.1,0.0393087534968576
"2130",6,11,37,-1.54573789101125
"2131",4,11,39.9,1.32528999338079
"2132",1,11,41.5,-1.54573789101125
"2133",5,11,35,-0.538884362109874
"2134",3,11,37.5,1.3352588402016
"2135",7,11,37,-0.698385911242765
"2136",5,11,39,0.288529924017
"2137",2,11,41.7,-1.01738900950855
"2138",7,11,37.1,-0.867856307196462
"2139",3,11,43.5,-0.887794000838074
"2140",1,11,47,-0.698385911242765
"2141",6,11,40.8,-0.967544775404519
"2142",7,11,41.4,-0.628603983497125
"2143",1,11,38.1,-1.69527059332334
"2144",3,11,44.4,2.67108431418957
"2145",5,11,42.8,0.208779149450555
"2146",7,11,44.5,-0.399320506618594
"2147",4,11,39.6,1.17575729106871
"2148",3,11,48.2,0.956442661010983
"2149",2,11,44.6,0.258623383554583
"2150",2,11,43,0.35831185176264
"2151",2,11,48.8,0.996318048294206
"2152",1,11,30.5,-1.04729554997097
"2153",4,11,38,0.0791841407800805
"2154",3,11,46.1,0.477938013612309
"2155",6,11,43.8,2.14273543268686
"2156",2,11,46.7,0.976380354652595
"2157",5,11,46.6,2.11282889222445
"2158",6,11,49.3,0.21874799627136
"2159",5,11,48.3,1.02622458875662
"2160",7,11,50.1,0.926536120548566
"2161",7,11,47.3,-0.628603983497125
"2162",1,11,48.3,-1.41614288234078
"2163",2,11,47.4,0.996318048294206
"2164",6,11,46.2,1.02622458875662
"2165",5,11,58.9,1.46485384887207
"2166",6,11,60,1.46485384887207
"2167",7,11,59.7,0.56765763499956
"2168",6,11,47.1,0.826847652340509
"2169",5,11,57.8,0.467969166791503
"2170",4,11,57,0.727159184132452
"2171",4,11,56.5,-0.528915515289068
"2172",4,11,33.6,0.338374158121029
"2173",7,11,30.9,-2.04418023205154
"2174",3,11,37.7,1.65426193846738
"2175",2,11,40.5,1.48479154251369
"2176",6,11,40.5,-1.73514598060656
"2177",5,11,47.2,-2.24355716846765
"2178",2,11,42,0.587595328641172
"2179",1,11,43.5,-0.668479370780348
"2180",7,11,43.9,-0.558822055751485
"2181",7,11,39.7,-0.718323604884377
"2182",6,11,44.6,1.24553921881435
"2183",6,11,50.9,1.76391925349625
"2184",3,11,45.7,0.477938013612309
"2185",6,11,48.1,0.338374158121029
"2186",2,11,45.2,1.04616228239823
"2187",5,11,48.6,1.07606882286065
"2188",7,11,40.4,-0.708354758063571
"2189",5,11,38.7,-1.29651672049111
"2190",1,11,51.3,-0.808043226271628
"2191",5,11,50.4,1.97326503673317
"2192",4,11,47,0.627470715924395
"2193",5,11,50.1,-2.1538375470804
"2194",4,11,46.5,0.35831185176264
"2195",3,11,47.2,0.208779149450555
"2196",4,11,53.3,1.42497846158885
"2197",6,11,52.6,-1.18685940546224
"2198",5,11,52.5,0.378249545404252
"2199",1,11,53.2,-1.79495906153139
"2200",4,11,48,1.42497846158885
"2201",4,11,54.4,1.05613112921904
"2202",4,11,52.2,1.01625574193582
"2203",5,11,43.2,0.6374395627452
"2204",2,11,51.5,-1.17689055864144
"2205",6,11,52.5,0.418124932687475
"2206",3,11,51,-1.05726439679177
"2207",1,11,54.8,-0.259756651127314
"2208",2,11,48.2,-0.389351659797788
"2209",5,11,49.4,1.06609997603985
"2210",1,11,54.5,-0.798074379450822
"2211",2,11,54.8,1.22560152517274
"2212",3,11,56.8,0.796941111878092
"2213",2,11,52.1,0.667346103207618
"2214",4,11,50.6,0.0791841407800805
"2215",4,11,56.1,-0.688417064421959
"2216",4,11,51.6,-0.578759749393096
"2217",4,11,39.3,0.886660733265343
"2218",6,11,57,2.19257966679089
"2219",3,11,55.8,1.57451116390094
"2220",3,11,56.7,-0.000566633786365205
"2221",6,11,58.3,0.77700341823648
"2222",7,11,49,0.138997221704915
"2223",3,11,51.9,1.54460462343852
"2224",3,11,52.7,-0.608666289855514
"2225",5,11,52.1,0.318436464479418
"2226",7,11,48.8,-0.0205043274279766
"2227",6,11,54.9,0.657377256386812
"2228",1,11,47.7,-0.967544775404519
"2229",4,11,55.9,0.657377256386812
"2230",3,11,48.9,1.12591305696468
"2231",5,11,53.6,0.527782247716338
"2232",5,11,58.8,0.896629580086149
"2233",6,11,53.6,1.77388810031705
"2234",7,11,57.4,-0.479071281185039
"2235",6,11,62.3,1.10597536332307
"2236",7,11,53.6,0.138997221704915
"2237",6,11,58.7,1.76391925349625
"2238",3,11,53,1.10597536332307
"2239",2,11,62.2,0.826847652340509
"2240",2,11,39.5,0.477938013612309
"2241",1,11,35.8,-0.598697443034708
"2242",2,11,40.5,0.119059528063303
"2243",2,11,45.4,1.43494730840966
"2244",5,11,42.2,-1.70523944014414
"2245",7,11,35.3,-0.967544775404519
"2246",5,11,41.3,0.467969166791503
"2247",1,11,43.4,-1.32642326095352
"2248",5,11,43.3,0.477938013612309
"2249",4,11,43.9,1.13588190378549
"2250",3,11,37.9,0.49787570725392
"2251",7,11,47,-1.35632980141594
"2252",6,11,38.4,1.43494730840966
"2253",4,11,33.5,-0.0603797147111995
"2254",7,11,31.3,-1.19682825228305
"2255",3,11,46.5,1.02622458875662
"2256",7,11,50.1,-1.42611172916158
"2257",2,11,48.1,0.238685689912972
"2258",1,11,46.1,-2.21365062800523
"2259",7,11,47.8,0.268592230375389
"2260",1,11,48.9,-1.13701517135822
"2261",1,11,49.9,-0.668479370780348
"2262",1,11,47.6,-0.987482469046131
"2263",4,11,48.5,-0.379382812976982
"2264",1,11,48.9,-0.658510523959542
"2265",1,11,51,-1.19682825228305
"2266",1,11,50.2,-0.818012073092434
"2267",6,11,53,0.178872608988138
"2268",7,11,51.2,0.129028374884109
"2269",3,11,51.1,1.90348310898753
"2270",6,11,48.3,2.67108431418957
"2271",1,11,52.6,-1.73514598060656
"2272",2,11,45.4,0.418124932687475
"2273",4,11,54.2,1.74398155985463
"2274",7,11,53,0.56765763499956
"2275",2,11,55.9,0.119059528063303
"2276",6,11,23,-1.22673479274547
"2277",1,11,47.7,-1.15695286499983
"2278",5,11,41.8,-2.20368178118443
"2279",1,11,53.2,-1.26661018002869
"2280",3,11,54.4,0.557688788178755
"2281",7,11,61.4,-0.987482469046131
"2282",2,11,58.3,0.138997221704915
"2283",1,11,50.1,-1.67533289968172
"2284",4,11,52.9,1.30535229973918
"2285",7,11,47,-0.927669388121297
"2286",5,11,58.9,0.906598426906955
"2287",6,11,62.3,0.168903762167332
"2288",6,11,58.7,1.82373233442108
"2289",7,11,35,-1.33639210777433
"2290",6,11,31.2,-1.61551981875689
"2291",5,11,34,4.6449159847091
"2292",1,11,41.7,-1.2865478736703
"2293",4,11,37.1,2.07295350494122
"2294",5,11,24.9,-1.86474098927703
"2295",1,11,39.9,-0.987482469046131
"2296",1,11,49.4,-1.83483444881462
"2297",5,11,51.4,0.697252643670035
"2298",1,11,52.5,-1.24667248638708
"2299",5,11,40.1,-1.69527059332334
"2300",3,11,47,0.00940221303444051
"2301",2,11,54,0.188841455808943
"2302",2,11,47.1,-1.42611172916158
"2303",6,11,42.7,0.767034571415675
"2304",3,11,45.3,0.84678534598212
"2305",2,11,51.4,0.158934915346526
"2306",3,11,53.9,-0.0404420210695881
"2307",3,11,56.6,-1.58561327829447
"2308",4,11,51.5,0.158934915346526
"2309",3,11,54.8,1.41500961476805
"2310",1,11,57,-2.8616256713576
"2311",4,11,57.7,-0.449164740722622
"2312",7,11,52.2,0.0692152939592748
"2313",1,11,46.1,-1.456018269624
"2314",7,11,54.5,-0.907731694479685
"2315",5,11,58,0.966411507831789
"2316",2,11,54.4,0.687283796849229
"2317",4,11,57.9,0.966411507831789
"2318",4,11,29,-0.000566633786365205
"2319",7,11,41.7,-0.279694344768925
"2320",6,11,48.6,-1.43608057598239
"2321",4,11,44.8,-0.728292451705182
"2322",3,11,46.9,0.0991218344216919
"2323",2,11,38.8,0.84678534598212
"2324",4,11,42.9,0.288529924017
"2325",4,11,41,-0.259756651127314
"2326",3,11,46.5,0.308467617658612
"2327",2,11,48.4,1.43494730840966
"2328",6,11,36.8,0.77700341823648
"2329",6,11,43.7,0.547719941357949
"2330",7,11,43.5,0.298498770837806
"2331",5,11,45.7,0.35831185176264
"2332",6,11,42.8,1.20566383153113
"2333",3,11,46.2,1.32528999338079
"2334",2,11,47.5,1.59444885754255
"2335",3,11,43.8,1.52466692979691
"2336",6,12,18.2,1.92342080262914
"2337",6,12,24.2,0.9863492014734
"2338",4,12,21.9,-0.219881263844091
"2339",3,12,28.5,-1.33639210777433
"2340",1,12,29.7,-1.33639210777433
"2341",5,12,28.1,0.487906860433115
"2342",5,12,32.4,1.42497846158885
"2343",1,12,29.9,-0.768167838988405
"2344",1,12,41.4,-1.89464752973945
"2345",3,12,33.3,1.31532114655999
"2346",6,12,39,0.926536120548566
"2347",6,12,39.3,0.737128030953258
"2348",3,12,41.8,-0.459133587543428
"2349",6,12,37.9,2.41189429684862
"2350",2,12,36.4,-2.04418023205154
"2351",6,12,37.3,0.527782247716338
"2352",5,12,39.6,-0.0205043274279766
"2353",5,12,38.9,1.00628689511501
"2354",4,12,42.8,0.378249545404252
"2355",5,12,39.1,0.0791841407800805
"2356",5,12,38.6,2.06298465812042
"2357",1,12,38.2,-1.16692171182063
"2358",6,12,40.1,-1.50586250372803
"2359",1,12,38.4,-2.14386870025959
"2360",6,12,41,0.826847652340509
"2361",3,12,44,0.458000319970698
"2362",4,12,36.6,-0.469102434364234
"2363",6,12,38.3,-0.359445119335371
"2364",6,12,40.4,-0.160068182919257
"2365",1,12,43.2,-2.04418023205154
"2366",3,12,29.5,-0.558822055751485
"2367",3,12,40.1,1.46485384887207
"2368",3,12,42.8,-0.688417064421959
"2369",6,12,41.8,0.816878805519703
"2370",2,12,41.1,-2.65227988812068
"2371",7,12,39.3,-1.23670363956627
"2372",1,12,43.1,-1.78499021471059
"2373",2,12,44,-0.499008974826651
"2374",2,12,44.3,-0.0603797147111995
"2375",4,12,43.7,-0.239818957485702
"2376",6,12,38.7,1.60441770436335
"2377",7,12,43.8,-0.0703485615320052
"2378",6,12,42.5,0.747096877774063
"2379",3,12,42,1.04616228239823
"2380",4,12,48.6,-0.439195893901817
"2381",5,12,42.4,0.21874799627136
"2382",2,12,48.2,1.37513422748482
"2383",7,12,47.6,-0.0404420210695881
"2384",7,12,36.2,0.238685689912972
"2385",7,12,42.5,-0.239818957485702
"2386",3,12,44.7,-1.55570673783206
"2387",6,12,48.2,1.72404386621302
"2388",7,12,45.6,0.298498770837806
"2389",2,12,51,0.976380354652595
"2390",1,12,41.9,-1.05726439679177
"2391",1,12,34.6,-1.94449176384348
"2392",3,12,40.6,0.84678534598212
"2393",7,12,48.4,-0.997451315866936
"2394",2,12,42.5,-1.22673479274547
"2395",7,12,48.9,0.288529924017
"2396",4,12,26.9,-1.37626749505755
"2397",4,12,29.8,1.49476038933449
"2398",1,12,34,-1.42611172916158
"2399",6,12,32.7,1.20566383153113
"2400",3,12,34.8,1.19569498471032
"2401",7,12,27.9,0.527782247716338
"2402",1,12,31.8,-1.43608057598239
"2403",3,12,28.6,1.03619343557743
"2404",5,12,24.2,0.996318048294206
"2405",4,12,38.8,0.767034571415675
"2406",2,12,32,0.228716843092166
"2407",2,12,32.7,1.06609997603985
"2408",7,12,38.7,-0.608666289855514
"2409",7,12,38.2,-0.937638234942102
"2410",5,12,33.3,-1.70523944014414
"2411",3,12,38.4,-0.837949766734045
"2412",3,12,32,1.07606882286065
"2413",2,12,35.5,0.517813400895532
"2414",6,12,33.1,-1.22673479274547
"2415",5,12,31.1,-0.000566633786365205
"2416",4,12,35.4,1.01625574193582
"2417",2,12,35.4,-0.199943570202479
"2418",2,12,39.6,-0.808043226271628
"2419",4,12,39.8,-0.788105532630016
"2420",3,12,37.5,1.00628689511501
"2421",4,12,39.3,1.01625574193582
"2422",4,12,51.2,-0.299632038410537
"2423",1,12,45.4,-1.13701517135822
"2424",4,12,39.9,-0.209912417023285
"2425",5,12,43.1,0.0692152939592748
"2426",3,12,42.8,-0.658510523959542
"2427",2,12,40.9,-1.08717093725419
"2428",1,12,52.9,-0.808043226271628
"2429",4,12,53.6,0.557688788178755
"2430",5,12,43.4,0.936504967369372
"2431",2,12,53.2,0.448031473149892
"2432",5,12,48.9,1.45488500205127
"2433",6,12,50.4,1.82373233442108
"2434",2,12,52.6,0.378249545404252
"2435",4,12,47.9,0.49787570725392
"2436",6,12,46.4,0.906598426906955
"2437",5,12,51.1,0.687283796849229
"2438",1,12,49.8,-0.778136685809211
"2439",6,12,45.6,0.806909958698897
"2440",4,12,44.8,-0.977513622225325
"2441",5,12,53.5,0.238685689912972
"2442",3,12,48.7,0.458000319970698
"2443",4,12,51.3,0.517813400895532
"2444",3,12,42.5,0.119059528063303
"2445",7,12,48.3,-0.309600885231342
"2446",5,12,53.4,1.34522768702241
"2447",3,12,58,1.55457347025933
"2448",4,12,46.5,0.737128030953258
"2449",5,12,57.7,0.0393087534968576
"2450",6,12,56.1,-2.77190604997035
"2451",7,12,51.4,-2.03421138523073
"2452",5,12,35.9,-1.84480329563542
"2453",2,12,42.2,0.896629580086149
"2454",1,12,41.3,-0.887794000838074
"2455",2,12,44.8,-0.189974723381674
"2456",6,12,36.6,1.01625574193582
"2457",3,12,41.7,1.11594421014387
"2458",5,12,42.7,0.35831185176264
"2459",4,12,35.6,-3.34013031875628
"2460",4,12,31.6,0.527782247716338
"2461",2,12,37.9,1.91345195580833
"2462",1,12,40.4,-2.3332767898549
"2463",2,12,42.9,-0.329538578872954
"2464",2,12,40.9,0.84678534598212
"2465",1,12,42.6,-1.50586250372803
"2466",7,12,36.4,-0.329538578872954
"2467",2,12,35.4,-0.798074379450822
"2468",5,12,37.3,-0.568790902572291
"2469",5,12,40.8,0.697252643670035
"2470",7,12,44.1,-0.449164740722622
"2471",3,12,53.1,0.677314950028423
"2472",5,12,34.7,-0.170037029740062
"2473",5,12,30.9,0.866723039623732
"2474",4,12,32.3,0.318436464479418
"2475",7,12,36.9,-0.0504108678903938
"2476",4,12,31.8,-0.847918613554851
"2477",7,12,28.2,-0.439195893901817
"2478",5,12,28.2,2.83058586332246
"2479",3,12,35.6,-2.70212412222471
"2480",7,12,33.3,-0.788105532630016
"2481",2,12,35.2,-0.189974723381674
"2482",4,12,26.2,-3.40991224650192
"2483",2,12,48.7,1.07606882286065
"2484",6,12,50.6,1.59444885754255
"2485",7,12,42.1,0.248654536733778
"2486",4,12,50.7,-0.798074379450822
"2487",7,12,39.7,-0.319569732052148
"2488",2,12,49.5,0.129028374884109
"2489",2,12,50.8,0.687283796849229
"2490",1,12,51.9,-0.937638234942102
"2491",3,12,47.4,0.188841455808943
"2492",6,12,52.2,0.946473814190178
"2493",3,12,54.8,0.996318048294206
"2494",6,12,44.8,-1.52580019736964
"2495",5,12,53.1,-2.95134529274486
"2496",1,12,47.7,-0.957575928583714
"2497",2,12,35.3,1.22560152517274
"2498",1,12,39,-1.59558212511528
"2499",7,12,16.7,-0.339507425693759
"2500",1,12,21,-1.36629864823675
"2501",6,12,13.7,-0.0105354806071709
"2502",6,12,25.1,3.98697209453592
"2503",1,12,40,-1.48592481008642
"2504",2,12,40.8,0.398187239045863
"2505",5,12,15.3,0.0991218344216919
"2506",3,12,39.9,0.208779149450555
"2507",7,12,44.5,-2.43296525806296
"2508",7,12,52.7,-0.219881263844091
"2509",6,12,38,1.05613112921904
"2510",2,12,38.4,1.25550806563515
"2511",6,12,37,0.876691886444537
"2512",5,12,34.9,0.816878805519703
"2513",1,12,36.7,-1.89464752973945
"2514",1,12,39,-0.857887460375656
"2515",4,12,31.8,0.0592464471384691
"2516",7,12,35.8,-1.33639210777433
"2517",5,12,29.8,1.49476038933449
"2518",3,12,32.1,-1.29651672049111
"2519",4,12,41.2,0.896629580086149
"2520",7,12,38.3,0.0193710598552462
"2521",1,12,38.5,-0.987482469046131
"2522",6,12,54.2,1.67419963210899
"2523",4,12,53.5,2.05301581129961
"2524",1,12,53.6,-0.499008974826651
"2525",7,12,55,-0.209912417023285
"2526",2,12,37.8,1.20566383153113
"2527",6,12,28.1,0.956442661010983
"2528",7,12,26.9,0.906598426906955
"2529",7,12,30.9,0.617501869103589
"2530",1,12,27.6,-0.518946668468262
"2531",2,12,32,0.408156085866669
"2532",5,12,43.4,-0.259756651127314
"2533",7,12,43.7,-1.92455407020187
"2534",1,12,43.8,0.228716843092166
"2535",1,12,47,-2.49277833898779
"2536",2,12,41.2,-1.87470983609784
"2537",1,12,36.7,-0.937638234942102
"2538",3,12,38.8,-0.598697443034708
"2539",7,12,46.1,0.288529924017
"2540",3,12,47.4,1.32528999338079
"2541",4,12,32.8,1.09600651650226
"2542",3,12,42.6,0.876691886444537
"2543",3,12,44.9,0.577626481820366
"2544",4,12,44.3,1.00628689511501
"2545",3,12,49.8,-0.299632038410537
"2546",1,12,41.9,-1.29651672049111
"2547",2,12,43.6,0.657377256386812
"2548",4,12,39.1,-0.528915515289068
"2549",7,12,45.6,-0.339507425693759
"2550",3,12,39.7,0.308467617658612
"2551",1,12,46,-0.409289353439399
